ugly	-3.90	1.16
painful	-3.69	1.53
intent	-3.49	1.67
terrible	-3.38	1.55
drunk	-3.28	1.16
tragedy	-3.26	1.48
awful	-3.21	1.37
weak	-3.12	1.63
worst	-3.10	1.74
accident	-3.03	1.55
nightmare	-3.02	1.45
victim	-3.01	1.59
destruction	-2.95	1.55
faced	-2.93	1.59
damned	-2.92	1.08
souls	-2.92	1.74
scary	-2.92	1.27
poverty	-2.89	1.57
suicide	-2.85	1.43
events	-2.85	1.77
sorts	-2.84	1.83
trapped	-2.83	1.53
monster	-2.82	0.87
lonely	-2.80	1.38
circles	-2.80	2.06
scream	-2.79	1.77
ridiculous	-2.76	1.29
situations	-2.75	1.64
fate	-2.69	1.54
stupid	-2.67	1.67
bitter	-2.66	2.02
rural	-2.66	1.98
harsh	-2.66	1.89
fault	-2.62	1.47
re	-2.60	1.95
occurred	-2.60	1.75
circumstances	-2.59	1.65
blame	-2.59	1.63
housing	-2.58	1.98
snake	-2.58	0.89
bored	-2.56	1.84
blacks	-2.55	1.86
sick	-2.53	1.70
dragon	-2.51	1.87
complained	-2.51	1.75
nasty	-2.50	1.78
tired	-2.49	1.87
acts	-2.48	1.82
bloody	-2.48	1.07
beast	-2.47	0.73
smelled	-2.44	1.98
minority	-2.43	1.98
incident	-2.42	1.72
boring	-2.42	1.14
creatures	-2.42	1.74
suffering	-2.39	0.55
creature	-2.39	1.76
anxious	-2.37	2.01
smells	-2.36	2.08
suffer	-2.36	0.69
frustrated	-2.36	2.04
worried	-2.34	1.92
mistakes	-2.33	0.91
witch	-2.33	1.54
battles	-2.31	0.80
upset	-2.30	1.98
angry	-2.30	2.03
beings	-2.29	1.95
victims	-2.28	0.64
mad	-2.27	1.33
admitted	-2.27	1.87
suffered	-2.27	0.78
confused	-2.26	2.09
opponents	-2.26	2.19
deadly	-2.26	0.95
smell	-2.26	2.29
alien	-2.25	1.50
stayed	-2.24	2.09
inevitable	-2.21	0.75
bother	-2.20	1.94
hungry	-2.20	1.35
scent	-2.19	2.30
cole	-2.19	2.29
bothered	-2.19	1.84
shame	-2.17	1.86
frightened	-2.15	2.10
troubled	-2.15	2.04
random	-2.15	1.76
guessed	-2.14	2.00
disaster	-2.12	0.69
ghost	-2.11	1.82
mess	-2.11	1.71
exhausted	-2.10	1.56
punishment	-2.10	0.63
demanding	-2.09	1.95
fucking	-2.09	1.91
contrast	-2.09	2.11
merely	-2.09	1.86
minds	-2.08	1.90
disappointed	-2.08	2.12
belong	-2.07	1.94
practically	-2.07	1.93
necessarily	-2.07	1.87
desperate	-2.07	1.43
strange	-2.06	1.42
aging	-2.06	1.95
crash	-2.05	0.91
bin	-2.05	2.24
worse	-2.04	1.64
hurt	-2.02	1.47
deaths	-2.01	0.81
cast	-2.01	2.26
scared	-2.01	1.53
lack	-1.97	1.84
fever	-1.96	0.70
concerned	-1.95	1.92
dirty	-1.94	0.94
murder	-1.93	0.53
likes	-1.93	1.93
powers	-1.92	2.30
burns	-1.91	0.82
remind	-1.89	1.96
crime	-1.89	0.55
mistake	-1.87	0.92
cat	-1.86	1.03
crimes	-1.86	0.53
lillian	-1.85	2.19
humanity	-1.85	2.06
uncomfortable	-1.85	1.68
injured	-1.84	0.70
damage	-1.82	0.58
dangerous	-1.82	1.43
devil	-1.81	1.99
occasional	-1.81	1.98
dealing	-1.80	0.79
insisted	-1.80	1.97
hurricane	-1.78	0.73
committed	-1.78	0.57
precisely	-1.77	1.77
cheap	-1.76	0.66
forgot	-1.74	1.94
everywhere	-1.74	0.76
cigarettes	-1.73	1.18
considering	-1.73	1.61
creation	-1.72	2.23
protest	-1.72	0.78
death	-1.72	0.84
deserve	-1.71	2.00
enemies	-1.71	2.29
gods	-1.70	2.10
families	-1.69	2.15
nervous	-1.69	1.82
causing	-1.69	0.65
wounded	-1.68	0.51
improve	-1.68	1.84
animal	-1.68	1.06
fool	-1.68	1.66
harm	-1.68	0.46
suspect	-1.68	0.69
occur	-1.67	0.89
minor	-1.66	0.77
guilty	-1.66	0.53
bird	-1.66	1.14
invisible	-1.65	0.87
suddenly	-1.64	1.04
chaos	-1.64	0.45
mccarthy	-1.63	2.16
smoke	-1.63	1.61
startled	-1.62	1.46
violence	-1.62	0.61
living	-1.62	2.13
feared	-1.62	1.74
threatened	-1.61	0.57
injuries	-1.60	0.72
injury	-1.60	0.64
innocent	-1.59	0.51
magic	-1.59	1.83
accompanied	-1.59	0.61
crisis	-1.58	0.57
bear	-1.56	0.78
soap	-1.56	1.59
embarrassed	-1.56	1.86
dogs	-1.55	0.85
tiger	-1.55	0.96
wealthy	-1.54	2.07
dog	-1.54	0.66
wolf	-1.54	0.92
burned	-1.53	1.33
arrested	-1.53	0.51
bomb	-1.52	0.78
bunch	-1.52	2.00
wound	-1.52	0.61
shocked	-1.52	1.71
absolute	-1.51	2.02
damn	-1.51	1.85
caused	-1.51	0.59
severe	-1.51	0.46
spirits	-1.50	2.25
accused	-1.50	0.49
sweat	-1.50	1.65
angels	-1.50	2.22
assault	-1.49	0.49
strikes	-1.48	0.57
attacks	-1.46	0.83
deeply	-1.46	1.32
survived	-1.46	0.84
pig	-1.46	0.62
beer	-1.44	0.63
insects	-1.44	0.70
stroke	-1.44	0.57
attack	-1.44	0.61
terrorism	-1.44	0.81
illness	-1.44	0.39
animals	-1.43	1.13
dumb	-1.43	1.57
humans	-1.42	1.17
pain	-1.42	0.68
killed	-1.41	0.67
lately	-1.41	1.57
whole	-1.40	2.08
mixed	-1.40	1.40
tail	-1.40	0.79
afraid	-1.40	1.18
communities	-1.39	1.29
virus	-1.39	0.57
trembling	-1.39	0.96
terrorist	-1.38	0.91
birds	-1.38	0.99
sad	-1.37	1.97
elderly	-1.37	1.90
whoever	-1.36	0.50
drank	-1.36	0.73
cared	-1.36	1.76
urban	-1.36	1.29
spell	-1.35	0.87
tobacco	-1.35	1.41
bleeding	-1.35	0.42
increasingly	-1.34	1.14
drinks	-1.34	0.65
useless	-1.34	0.88
giant	-1.33	0.90
pet	-1.33	0.68
drink	-1.33	0.65
changing	-1.33	2.06
act	-1.33	0.79
loss	-1.33	0.57
bears	-1.32	0.78
threatening	-1.32	0.75
stunned	-1.32	1.31
flies	-1.32	0.71
killing	-1.31	0.52
feeling	-1.31	1.00
situation	-1.31	0.74
racial	-1.30	1.17
countless	-1.30	0.79
explosion	-1.30	0.84
arrest	-1.30	0.38
alcohol	-1.29	0.44
wished	-1.29	1.97
repeatedly	-1.28	0.57
bandar	-1.28	0.44
nation	-1.27	0.60
drinking	-1.27	0.60
affected	-1.27	0.49
trap	-1.27	0.53
trouble	-1.26	1.76
suspected	-1.26	0.98
consequences	-1.26	0.45
changed	-1.26	1.95
bug	-1.26	1.03
bull	-1.25	0.65
residents	-1.25	1.42
conditions	-1.25	0.79
cigarette	-1.25	1.00
involved	-1.25	0.51
liked	-1.25	1.91
destroyed	-1.24	0.57
robot	-1.24	0.58
counted	-1.24	1.05
fought	-1.24	0.46
symptoms	-1.23	0.36
disorder	-1.23	0.35
african	-1.23	1.36
surprised	-1.22	1.74
big	-1.22	1.77
infection	-1.22	0.31
bitch	-1.21	1.10
causes	-1.21	0.34
jail	-1.21	0.33
burning	-1.21	1.35
collapse	-1.21	0.37
imagined	-1.21	1.87
terrorists	-1.20	0.77
cause	-1.20	0.39
essentially	-1.19	0.40
crazy	-1.19	1.07
cry	-1.19	0.82
reaction	-1.19	0.76
threats	-1.19	0.41
failure	-1.18	0.29
isolated	-1.18	0.82
got	-1.18	1.99
relieved	-1.18	1.79
witness	-1.17	0.46
teddy	-1.17	0.60
crying	-1.17	1.09
violent	-1.17	0.74
scene	-1.16	0.58
result	-1.16	0.59
slavery	-1.16	0.96
reminded	-1.15	2.01
cats	-1.14	1.00
immigrants	-1.14	1.25
species	-1.14	0.91
prison	-1.14	0.36
habit	-1.13	0.69
enemy	-1.13	0.71
disease	-1.13	0.30
cities	-1.13	1.09
warned	-1.13	1.27
vulnerable	-1.12	1.06
scenes	-1.12	0.51
recovery	-1.12	0.53
seemingly	-1.11	0.46
ali	-1.11	0.85
abruptly	-1.11	0.78
sort	-1.11	1.75
mouse	-1.10	0.46
boy	-1.10	1.80
feed	-1.10	0.56
trick	-1.10	0.73
regions	-1.10	0.84
sometimes	-1.10	0.71
destroy	-1.09	0.69
knew	-1.09	1.79
air	-1.09	1.82
damp	-1.08	1.79
danger	-1.08	0.39
phenomenon	-1.08	0.72
hunger	-1.08	0.97
serious	-1.07	0.60
feel	-1.07	0.74
abuse	-1.07	0.33
worlds	-1.07	0.75
error	-1.07	0.33
definition	-1.07	0.69
towns	-1.07	1.03
rich	-1.06	1.87
charges	-1.06	0.32
illegal	-1.06	0.27
clean	-1.06	0.74
attitude	-1.06	1.99
collapsed	-1.05	0.74
transformed	-1.05	0.74
saddam	-1.05	0.85
challenge	-1.05	0.54
actions	-1.05	0.43
wise	-1.05	1.65
distant	-1.05	1.04
frequent	-1.04	0.53
nest	-1.04	0.70
ill	-1.04	1.72
combination	-1.04	1.01
peterson	-1.04	0.59
talked	-1.03	1.96
aware	-1.03	0.97
charged	-1.03	0.32
weapons	-1.03	0.68
problems	-1.03	0.43
horror	-1.03	0.80
deal	-1.03	1.99
wings	-1.03	0.83
depression	-1.03	0.42
alabama	-1.02	1.09
breath	-1.02	0.91
afghanistan	-1.02	0.92
taliban	-1.02	0.93
observed	-1.02	0.84
cage	-1.02	0.75
experienced	-1.02	0.81
saudi	-1.02	1.01
sounded	-1.01	0.76
captured	-1.01	0.54
diseases	-1.01	0.26
loves	-1.01	1.95
demands	-1.01	0.52
convinced	-1.01	1.07
gang	-1.01	0.32
initially	-1.01	0.53
ethnic	-1.00	1.09
possibility	-1.00	0.37
criminal	-1.00	0.37
coffin	-0.99	0.58
potentially	-0.99	0.50
aimed	-0.98	0.53
fires	-0.98	0.45
bastard	-0.98	0.70
champagne	-0.98	0.68
challenges	-0.98	0.49
healing	-0.98	0.73
areas	-0.97	0.94
dying	-0.97	0.75
breathe	-0.97	0.55
feeding	-0.97	0.41
resulting	-0.97	0.34
deer	-0.97	0.72
bite	-0.97	0.35
afford	-0.97	0.64
silly	-0.97	0.94
killer	-0.97	0.51
threat	-0.96	0.26
warming	-0.96	0.55
bodies	-0.96	0.71
ass	-0.96	1.24
bacteria	-0.95	0.35
taste	-0.95	1.68
slave	-0.95	1.06
fish	-0.95	0.79
solve	-0.95	0.48
escaped	-0.95	0.61
woke	-0.95	0.72
suburban	-0.94	1.34
extreme	-0.94	0.53
weapon	-0.94	0.54
hunt	-0.94	0.73
americans	-0.94	1.21
mississippi	-0.94	1.03
represent	-0.94	0.40
wrong	-0.94	1.79
pipe	-0.94	0.70
criticism	-0.93	0.42
intense	-0.93	0.79
whites	-0.93	1.14
individuals	-0.93	0.81
panic	-0.93	0.82
loud	-0.93	0.73
eaten	-0.92	0.51
alarm	-0.92	0.62
southern	-0.92	0.98
survive	-0.92	0.55
ignoring	-0.91	0.37
forgotten	-0.91	0.81
smoking	-0.91	0.55
pakistan	-0.91	0.92
lots	-0.91	0.94
attacked	-0.91	0.37
northern	-0.91	0.88
washed	-0.91	0.72
homes	-0.90	1.17
concerns	-0.90	0.52
stern	-0.90	0.64
noise	-0.89	0.75
area	-0.89	1.02
faint	-0.89	1.21
rescue	-0.89	0.24
sheep	-0.88	0.67
problem	-0.88	0.69
wild	-0.88	0.97
throat	-0.88	0.58
biological	-0.88	0.66
stress	-0.88	0.38
due	-0.88	0.49
awkward	-0.88	1.24
cleaning	-0.87	0.55
immigration	-0.87	0.81
prevent	-0.87	0.27
target	-0.87	0.59
represented	-0.87	0.61
aids	-0.87	0.41
wondering	-0.87	0.84
battle	-0.87	0.31
sudden	-0.87	0.80
somewhat	-0.86	0.96
sound	-0.86	0.76
lot	-0.86	1.91
immediate	-0.86	0.62
care	-0.86	0.70
population	-0.86	0.83
guy	-0.86	1.82
human	-0.85	0.96
treat	-0.85	0.27
wars	-0.85	0.35
nerve	-0.85	0.33
country	-0.85	0.70
flying	-0.85	0.40
avoid	-0.85	0.41
cow	-0.85	0.52
units	-0.85	0.68
these	-0.85	0.75
knight	-0.85	0.84
slept	-0.84	0.70
jay	-0.84	0.78
dusty	-0.84	0.88
indians	-0.84	1.05
fraud	-0.83	0.32
screaming	-0.83	0.61
prisoners	-0.82	0.40
hero	-0.82	0.57
drugs	-0.82	0.35
hear	-0.82	0.70
existence	-0.82	0.57
curious	-0.82	1.37
issue	-0.81	0.54
confusion	-0.81	0.83
wake	-0.81	0.52
blind	-0.81	0.51
trial	-0.81	0.32
aspects	-0.81	0.53
dream	-0.80	0.53
survival	-0.80	0.56
event	-0.80	1.11
powerful	-0.80	0.58
linked	-0.80	0.38
absence	-0.80	0.51
encounter	-0.80	0.98
bone	-0.80	0.52
facing	-0.80	0.62
heard	-0.80	0.69
islamic	-0.80	0.90
reference	-0.80	0.62
dreams	-0.80	0.56
riding	-0.80	0.64
strike	-0.80	0.33
kinds	-0.79	0.92
constantly	-0.79	0.74
defeat	-0.79	0.57
endless	-0.79	0.45
shouting	-0.79	0.66
centers	-0.79	0.94
cycle	-0.79	0.57
remote	-0.78	0.74
climate	-0.78	0.45
hunting	-0.78	0.52
alike	-0.78	0.64
direct	-0.78	0.53
screamed	-0.78	0.61
wet	-0.78	1.51
laden	-0.78	1.01
shit	-0.77	1.27
limited	-0.77	2.09
viewed	-0.77	0.56
laugh	-0.77	0.69
dull	-0.76	0.53
shift	-0.76	0.82
variety	-0.76	0.68
hunter	-0.76	0.65
rival	-0.76	0.82
becoming	-0.76	0.73
thing	-0.76	1.88
struck	-0.76	0.60
racing	-0.76	0.74
angle	-0.76	0.83
fly	-0.76	0.40
hollow	-0.75	0.68
figures	-0.75	0.86
fresh	-0.75	1.08
asleep	-0.75	0.66
persons	-0.75	0.51
diabetes	-0.75	0.25
jet	-0.74	0.39
characters	-0.74	0.60
stare	-0.74	0.85
helicopter	-0.74	0.38
internal	-0.74	0.27
empire	-0.74	0.69
felt	-0.74	0.50
blood	-0.73	0.43
fur	-0.73	0.69
cattle	-0.73	0.60
surrounding	-0.73	0.82
targets	-0.73	0.38
admit	-0.73	0.76
plane	-0.73	0.39
concentration	-0.73	0.60
badly	-0.73	0.79
physically	-0.73	0.71
toilet	-0.73	0.59
reasons	-0.73	0.38
knocked	-0.73	0.49
remarkable	-0.72	2.02
fighting	-0.72	0.25
argued	-0.72	0.67
races	-0.72	0.69
mental	-0.72	0.28
lit	-0.72	0.70
police	-0.72	0.23
bit	-0.72	0.82
familiar	-0.72	2.25
allies	-0.72	0.82
acting	-0.72	0.62
risk	-0.71	0.22
facilities	-0.71	0.76
led	-0.71	0.59
cases	-0.71	0.27
flew	-0.71	0.33
bottle	-0.71	0.46
impressed	-0.71	1.10
fire	-0.71	0.65
kill	-0.71	0.58
fight	-0.71	0.26
coastal	-0.71	0.49
instantly	-0.71	0.45
transportation	-0.70	0.81
hears	-0.70	0.60
convince	-0.70	0.65
kitchen	-0.69	0.83
offices	-0.69	0.89
war	-0.69	0.31
responsible	-0.69	0.56
losses	-0.68	0.39
troops	-0.68	0.36
fired	-0.68	0.23
drug	-0.68	0.20
civilization	-0.68	0.62
handful	-0.68	0.61
quit	-0.68	0.71
crew	-0.68	0.60
basement	-0.68	0.87
upstairs	-0.67	0.84
highly	-0.67	0.49
swallowed	-0.67	0.50
capture	-0.67	0.48
change	-0.67	0.71
changes	-0.67	0.68
feels	-0.67	0.48
joining	-0.67	0.48
forces	-0.67	0.41
closely	-0.67	0.66
associated	-0.67	0.31
resist	-0.67	0.47
baghdad	-0.67	0.48
cave	-0.67	0.71
shock	-0.67	0.88
lone	-0.67	0.45
rome	-0.66	1.16
blast	-0.66	0.54
referred	-0.66	1.09
schools	-0.66	0.88
excited	-0.66	2.02
stated	-0.66	0.72
authorities	-0.66	0.30
fuck	-0.66	1.28
interested	-0.66	0.87
farms	-0.65	0.75
hell	-0.65	1.26
case	-0.65	0.25
wash	-0.65	0.66
jump	-0.65	0.53
effects	-0.65	0.33
coffee	-0.65	0.49
garbage	-0.65	0.85
wine	-0.65	0.52
meat	-0.65	0.51
alone	-0.65	0.61
involving	-0.65	0.29
critics	-0.65	0.53
equivalent	-0.65	0.70
continuing	-0.65	0.41
latter	-0.65	0.36
ears	-0.64	0.38
extremely	-0.64	0.61
fed	-0.64	0.39
declined	-0.64	0.57
statistics	-0.64	0.59
literally	-0.64	0.34
iran	-0.64	0.59
blow	-0.64	0.41
basically	-0.64	0.75
plot	-0.64	0.62
traveling	-0.64	0.40
historical	-0.64	0.68
describes	-0.64	0.87
jury	-0.64	0.30
steal	-0.64	0.47
room	-0.64	0.94
flames	-0.64	0.75
demanded	-0.63	0.87
filled	-0.63	0.91
spreading	-0.63	0.34
missile	-0.63	0.40
condition	-0.63	0.40
bet	-0.63	2.03
risks	-0.63	0.29
such	-0.63	0.64
opposed	-0.63	0.50
muslim	-0.63	0.93
heavily	-0.63	0.44
boom	-0.63	0.49
torn	-0.63	0.42
against	-0.62	0.53
becomes	-0.62	0.58
investigation	-0.62	0.27
overhead	-0.62	0.49
sentence	-0.62	0.28
louder	-0.62	0.53
landing	-0.62	0.26
genes	-0.62	0.39
sleep	-0.62	0.60
ate	-0.62	0.52
thousands	-0.62	0.29
straw	-0.62	0.48
region	-0.62	0.56
terror	-0.62	0.94
cancer	-0.62	0.22
opposition	-0.62	0.56
count	-0.61	0.81
poured	-0.61	0.46
sleeping	-0.61	0.63
rapid	-0.61	0.52
spite	-0.61	0.39
nor	-0.61	1.01
evolution	-0.61	0.65
mentioned	-0.61	1.30
bedroom	-0.61	0.86
race	-0.61	0.69
iraqi	-0.61	0.48
stole	-0.61	0.77
bullet	-0.61	0.25
particularly	-0.61	0.60
shower	-0.60	0.67
difficult	-0.60	0.73
reality	-0.60	0.57
burn	-0.60	0.51
moreover	-0.60	0.45
without	-0.60	0.53
episode	-0.60	0.57
bottles	-0.60	0.37
psychological	-0.60	0.34
affect	-0.60	0.63
cure	-0.60	0.18
terms	-0.60	0.43
firing	-0.60	0.24
trigger	-0.60	0.26
burst	-0.59	0.45
limits	-0.59	0.75
pressure	-0.59	0.34
raw	-0.59	0.43
during	-0.59	0.85
challenging	-0.59	0.85
planes	-0.59	0.31
iraq	-0.58	0.55
space	-0.58	0.58
ordinary	-0.58	0.67
economic	-0.58	0.53
shut	-0.58	0.71
aircraft	-0.58	0.31
grew	-0.58	0.68
exposure	-0.58	0.25
signs	-0.58	0.36
genetic	-0.58	0.32
tea	-0.58	0.48
shoot	-0.58	0.91
hearing	-0.58	0.59
labor	-0.58	0.68
laughter	-0.58	0.65
buildings	-0.58	0.87
awake	-0.58	0.83
purpose	-0.58	0.47
emergency	-0.57	0.23
gotten	-0.57	0.87
less	-0.57	0.74
type	-0.57	0.45
pouring	-0.57	0.57
chemicals	-0.57	0.43
shot	-0.57	0.22
treated	-0.57	0.73
rid	-0.57	0.46
acknowledged	-0.57	0.77
funny	-0.57	1.69
sink	-0.57	0.44
groups	-0.56	0.76
ignore	-0.56	0.55
mention	-0.56	0.83
development	-0.56	0.55
catching	-0.56	0.45
washing	-0.56	0.50
hunters	-0.56	0.78
protect	-0.56	0.27
hit	-0.56	0.46
concluded	-0.56	0.59
comment	-0.55	0.53
mercy	-0.55	2.18
anxiety	-0.55	0.63
blew	-0.55	0.66
needs	-0.55	0.71
flame	-0.55	0.69
flight	-0.54	0.31
apparent	-0.54	0.37
patients	-0.54	0.20
actual	-0.54	0.65
decisions	-0.54	0.27
prospect	-0.54	0.42
busy	-0.54	0.66
little	-0.54	0.73
ribs	-0.54	0.48
repair	-0.54	0.17
politicians	-0.54	0.57
community	-0.54	0.92
gene	-0.54	0.34
spots	-0.54	0.48
citizens	-0.54	0.62
activities	-0.53	0.58
majority	-0.53	0.68
soldiers	-0.53	0.29
missed	-0.53	0.73
tension	-0.53	0.73
lighting	-0.53	0.45
steam	-0.53	0.97
nuclear	-0.53	0.36
difficulty	-0.53	0.59
sharply	-0.53	0.61
processes	-0.53	0.55
slaves	-0.53	1.14
shooting	-0.53	0.20
wing	-0.53	0.42
pills	-0.52	0.18
favor	-0.52	0.50
negative	-0.52	0.53
projects	-0.52	0.60
added	-0.52	0.75
ignored	-0.52	0.52
issues	-0.52	0.29
construction	-0.52	0.70
eat	-0.52	0.45
ian	-0.52	0.62
sounds	-0.52	0.76
expecting	-0.52	0.69
suggested	-0.52	1.14
shield	-0.52	0.21
cries	-0.51	0.52
storm	-0.51	0.68
constant	-0.51	0.35
thinks	-0.51	1.06
wildlife	-0.51	0.44
examples	-0.51	0.56
burden	-0.51	0.45
spread	-0.51	0.28
leader	-0.50	0.76
guns	-0.50	0.24
border	-0.50	0.36
cloud	-0.50	0.77
broken	-0.50	0.33
partly	-0.50	0.44
tales	-0.50	1.11
fierce	-0.50	0.60
glass	-0.50	0.44
decline	-0.50	0.32
denied	-0.50	0.44
towel	-0.50	0.73
brain	-0.50	0.23
recognized	-0.50	0.83
dozens	-0.50	0.40
arab	-0.50	0.65
somebody	-0.50	1.10
fog	-0.50	0.74
identity	-0.50	0.42
became	-0.49	0.54
shadow	-0.49	0.56
lightning	-0.49	0.49
too	-0.49	0.78
brad	-0.49	0.87
charge	-0.49	0.26
typically	-0.49	0.30
landed	-0.49	0.22
realized	-0.49	0.94
himself	-0.49	0.47
powell	-0.49	0.66
thoroughly	-0.49	0.37
mood	-0.49	0.68
effectively	-0.49	0.39
teeth	-0.49	0.51
currently	-0.49	0.43
makes	-0.49	0.52
cruz	-0.48	1.00
quickly	-0.48	0.51
al	-0.48	0.91
yankees	-0.48	0.84
joke	-0.48	0.87
total	-0.48	0.64
treatment	-0.48	0.14
dust	-0.48	1.22
facts	-0.48	0.36
types	-0.48	0.29
tissue	-0.48	0.27
horses	-0.48	0.79
brains	-0.48	0.85
bathroom	-0.48	0.48
breakfast	-0.47	0.48
mist	-0.47	0.96
jokes	-0.47	0.74
rooms	-0.47	0.93
bar	-0.47	0.38
footsteps	-0.47	0.51
ongoing	-0.47	0.22
believes	-0.47	1.01
combat	-0.47	0.21
many	-0.47	0.37
seemed	-0.47	0.55
punch	-0.47	0.21
harris	-0.47	0.53
pilot	-0.47	0.28
nonetheless	-0.47	0.47
armed	-0.47	0.24
horse	-0.47	0.74
gulf	-0.47	0.26
shadows	-0.46	0.64
shapes	-0.46	0.40
sharp	-0.46	0.55
grief	-0.46	1.00
voices	-0.46	0.60
alliance	-0.46	0.32
everyday	-0.46	0.58
stomach	-0.46	0.36
link	-0.46	0.58
eliot	-0.45	0.28
mild	-0.45	0.70
hoped	-0.45	1.02
rough	-0.45	0.83
overcome	-0.45	0.43
bucket	-0.45	0.49
juice	-0.45	0.47
claimed	-0.45	0.83
expensive	-0.45	0.70
sliced	-0.45	0.65
farmers	-0.45	0.73
stuff	-0.45	1.93
duncan	-0.45	0.75
barrel	-0.45	0.21
matters	-0.44	0.26
hide	-0.44	0.51
cells	-0.44	0.27
universe	-0.44	0.50
wiped	-0.44	0.63
rifle	-0.44	0.23
surgery	-0.44	0.23
mysterious	-0.44	0.81
vanished	-0.44	0.53
lead	-0.44	0.24
gun	-0.44	0.23
often	-0.44	0.44
several	-0.43	0.44
proved	-0.43	0.53
shelter	-0.43	0.60
pitch	-0.43	0.61
become	-0.43	0.52
cops	-0.43	0.36
again	-0.43	0.37
detective	-0.43	0.48
northwest	-0.43	0.57
unknown	-0.43	0.54
themselves	-0.43	0.50
proposed	-0.43	0.45
altogether	-0.43	0.44
wondered	-0.43	1.19
kid	-0.43	1.01
eating	-0.43	0.47
went	-0.43	0.71
shots	-0.43	0.18
force	-0.43	0.27
kicking	-0.43	0.31
describe	-0.43	0.36
calvin	-0.42	0.82
odd	-0.42	1.77
soldier	-0.42	0.25
gone	-0.42	0.80
lungs	-0.42	0.52
failing	-0.42	0.45
orleans	-0.42	0.32
numerous	-0.42	0.35
dozen	-0.42	0.39
ai	-0.42	1.24
tended	-0.42	0.92
doctors	-0.42	0.19
blowing	-0.42	0.70
chemical	-0.42	0.24
challenged	-0.42	0.35
diverse	-0.41	0.78
hogan	-0.41	0.73
clouds	-0.41	0.80
background	-0.41	0.52
lawyer	-0.41	0.66
consciousness	-0.41	0.34
argue	-0.41	0.59
clinical	-0.41	0.17
existed	-0.41	0.73
workers	-0.41	0.78
patient	-0.41	0.19
domestic	-0.41	0.25
crack	-0.41	0.20
explanation	-0.41	0.52
unusual	-0.41	1.91
regarding	-0.41	0.37
lives	-0.41	0.97
handle	-0.41	0.55
jews	-0.41	1.02
skinny	-0.40	0.81
moment	-0.40	0.37
impression	-0.40	0.48
harder	-0.40	1.09
cop	-0.40	0.65
ripped	-0.40	0.34
karl	-0.40	0.56
revealed	-0.40	0.54
searched	-0.40	0.49
prior	-0.40	0.63
bud	-0.40	0.58
mostly	-0.40	0.58
dramatic	-0.40	0.76
zone	-0.40	0.25
spooner	-0.39	0.81
influence	-0.39	0.38
noticed	-0.39	0.89
shifting	-0.39	0.44
various	-0.39	0.44
soviet	-0.39	0.43
territory	-0.39	0.35
hundreds	-0.39	0.35
guilt	-0.39	0.97
different	-0.39	0.55
virginia	-0.39	0.60
vietnam	-0.39	0.26
made	-0.39	0.67
bat	-0.39	0.43
faces	-0.39	0.33
fears	-0.39	0.66
rounds	-0.38	0.19
staying	-0.38	0.57
marine	-0.38	0.23
concern	-0.38	0.78
carolina	-0.38	0.57
investigators	-0.38	0.30
knocking	-0.38	0.24
gravity	-0.38	0.54
represents	-0.38	0.48
reverse	-0.38	0.51
affairs	-0.38	0.61
besides	-0.38	0.84
distance	-0.38	0.43
pack	-0.38	0.27
those	-0.38	0.43
reduce	-0.38	0.69
squad	-0.38	0.16
jake	-0.38	0.83
employment	-0.38	0.86
pistol	-0.37	0.24
food	-0.37	0.45
therapy	-0.37	0.14
sox	-0.37	0.78
agreed	-0.37	1.03
neither	-0.37	0.93
unexpected	-0.37	2.04
elsewhere	-0.37	0.35
luxury	-0.37	0.73
assumed	-0.37	0.86
immediately	-0.37	0.33
complicated	-0.37	0.86
dare	-0.37	0.83
recalled	-0.37	1.05
dragged	-0.37	0.35
range	-0.37	0.50
learned	-0.37	0.97
ordered	-0.37	0.40
mexican	-0.37	0.61
gas	-0.36	0.60
upon	-0.36	0.68
focused	-0.36	0.61
eastern	-0.36	0.43
therefore	-0.36	0.40
discussed	-0.36	0.60
increased	-0.36	1.12
suite	-0.36	0.88
considered	-0.36	0.45
elite	-0.36	0.68
struggling	-0.36	0.44
warning	-0.36	0.18
buck	-0.35	0.53
never	-0.35	1.00
requires	-0.35	0.49
described	-0.35	0.67
texas	-0.35	0.58
wants	-0.35	0.99
small	-0.35	0.58
mud	-0.35	0.64
citizen	-0.35	0.37
parking	-0.35	0.60
multiple	-0.35	0.35
maryland	-0.35	0.58
patrol	-0.35	0.13
meant	-0.35	0.98
wanted	-0.35	0.98
most	-0.35	0.46
civil	-0.35	0.35
expand	-0.35	0.75
retail	-0.35	0.75
though	-0.35	0.78
till	-0.35	0.71
pollution	-0.35	0.29
prefer	-0.34	0.51
aid	-0.34	0.27
heart	-0.34	0.44
pennsylvania	-0.34	0.60
same	-0.34	0.73
immune	-0.34	0.16
africa	-0.34	0.50
america	-0.34	0.35
sheriff	-0.34	0.20
mainly	-0.34	0.45
tough	-0.34	0.85
die	-0.34	0.44
primarily	-0.34	0.20
emerge	-0.34	0.23
georgia	-0.34	0.54
pattern	-0.34	0.68
factors	-0.33	0.26
hallway	-0.33	0.44
hot	-0.33	1.55
finally	-0.33	0.38
dim	-0.33	0.50
largely	-0.33	0.24
countries	-0.33	0.47
approaching	-0.33	0.28
appear	-0.33	0.41
given	-0.33	0.40
choices	-0.33	0.38
declared	-0.33	0.93
states	-0.33	0.47
advantage	-0.33	0.32
atlantic	-0.33	0.29
imagine	-0.33	0.93
memories	-0.33	0.47
desperately	-0.33	0.63
marines	-0.33	0.25
source	-0.33	0.38
lights	-0.33	0.59
places	-0.33	0.63
chances	-0.32	0.29
regime	-0.32	0.47
jamie	-0.32	0.65
closet	-0.32	0.41
clinic	-0.32	0.21
publicly	-0.32	0.40
judgment	-0.32	0.36
aggressive	-0.32	0.40
encourage	-0.32	0.42
weird	-0.32	1.57
blade	-0.32	0.28
refused	-0.32	0.85
conflict	-0.32	0.53
judge	-0.32	0.25
knock	-0.32	0.30
already	-0.32	0.95
downstairs	-0.32	0.47
aaron	-0.32	0.90
nicky	-0.32	0.81
click	-0.32	0.21
fiber	-0.32	0.59
lamp	-0.32	0.43
throughout	-0.32	0.27
jessica	-0.32	0.85
stick	-0.32	0.61
tasks	-0.32	0.56
meetings	-0.32	0.72
medical	-0.31	0.20
engines	-0.31	0.37
driven	-0.31	0.20
frequently	-0.31	0.24
identified	-0.31	0.41
florida	-0.31	0.55
fewer	-0.31	0.44
shifted	-0.31	0.72
wherever	-0.31	0.46
push	-0.31	0.54
seen	-0.31	1.04
develop	-0.31	0.44
waited	-0.31	0.75
owners	-0.31	0.85
existing	-0.31	0.44
drifted	-0.31	0.32
rapidly	-0.31	0.48
build	-0.31	0.44
debate	-0.31	0.21
heaven	-0.31	2.22
rode	-0.31	0.21
cont	-0.30	0.89
loudly	-0.30	0.37
federal	-0.30	0.33
escape	-0.30	0.35
mask	-0.30	0.50
tears	-0.30	0.67
figured	-0.30	1.03
hospital	-0.30	0.20
thus	-0.30	0.25
tennessee	-0.30	0.52
apartment	-0.30	0.95
state	-0.30	0.49
tanks	-0.30	0.23
promised	-0.30	1.15
tommy	-0.30	0.85
illinois	-0.30	0.56
effect	-0.30	0.31
physicians	-0.30	0.22
seem	-0.30	0.69
mexico	-0.30	0.46
complete	-0.30	0.57
asks	-0.30	1.10
korea	-0.30	0.41
known	-0.30	0.98
related	-0.30	0.19
pacific	-0.29	0.26
economy	-0.29	0.27
notice	-0.29	0.81
bed	-0.29	0.39
including	-0.29	0.40
occupied	-0.29	0.52
jane	-0.29	1.01
deals	-0.29	0.54
bigger	-0.29	1.15
hoping	-0.29	0.89
lighter	-0.29	0.93
frustration	-0.29	1.05
flavor	-0.29	0.98
exist	-0.29	0.54
worldwide	-0.29	0.19
chapter	-0.29	0.58
except	-0.29	0.86
iowa	-0.29	0.54
medicine	-0.29	0.16
turkey	-0.29	0.26
ever	-0.29	1.06
islands	-0.29	0.32
tray	-0.29	0.36
coal	-0.29	0.50
tour	-0.28	0.70
bureau	-0.28	0.32
rather	-0.28	0.65
oregon	-0.28	0.51
interrupted	-0.28	0.71
wind	-0.28	0.89
controlled	-0.28	0.52
china	-0.28	0.42
conclusion	-0.28	0.29
strip	-0.28	0.26
exception	-0.28	0.30
few	-0.28	0.35
presented	-0.28	0.47
remain	-0.28	0.46
clearly	-0.28	0.63
ours	-0.28	0.49
estimates	-0.28	0.27
marks	-0.28	0.21
winds	-0.28	0.73
lawyers	-0.28	0.30
itself	-0.28	0.56
oklahoma	-0.28	0.52
michigan	-0.27	0.53
equally	-0.27	0.49
taken	-0.27	0.65
nobody	-0.27	1.01
ohio	-0.27	0.52
carl	-0.27	0.86
austin	-0.27	0.70
circle	-0.27	0.58
supporting	-0.27	0.44
em	-0.27	1.20
nurses	-0.27	0.21
pile	-0.27	0.20
leadership	-0.27	0.36
successfully	-0.27	0.24
prominent	-0.27	0.58
substance	-0.27	0.16
visible	-0.27	0.26
growing	-0.27	0.50
both	-0.27	0.35
foods	-0.27	0.51
skills	-0.27	0.44
positions	-0.27	0.39
roman	-0.27	0.94
barely	-0.27	0.37
fled	-0.27	0.56
door	-0.27	0.28
ta	-0.27	1.18
chinese	-0.26	0.60
trade	-0.26	0.52
trash	-0.26	0.35
fruits	-0.26	0.58
ralph	-0.26	0.70
stairs	-0.26	0.35
swear	-0.26	0.62
global	-0.26	0.26
question	-0.26	0.65
refrigerator	-0.26	0.22
certain	-0.26	0.63
north	-0.26	0.37
attracted	-0.26	0.59
addressed	-0.26	0.56
lobby	-0.26	0.54
sight	-0.26	0.32
republic	-0.26	0.54
swept	-0.26	0.28
called	-0.26	1.18
instead	-0.26	0.60
horn	-0.26	0.22
every	-0.26	0.71
darkness	-0.26	0.42
jefferson	-0.26	0.72
somehow	-0.26	0.57
skill	-0.26	0.58
gon	-0.26	1.20
south	-0.25	0.41
europe	-0.25	0.44
irish	-0.25	0.87
require	-0.25	0.23
italy	-0.25	0.55
india	-0.25	0.45
worker	-0.25	0.61
rush	-0.25	0.67
enforcement	-0.25	0.39
moral	-0.25	0.69
ya	-0.25	1.11
unit	-0.25	0.16
reduced	-0.25	1.05
district	-0.25	0.32
select	-0.25	0.50
knowing	-0.25	0.67
spoken	-0.25	1.03
arizona	-0.25	0.49
emotions	-0.25	0.97
breeze	-0.25	1.77
coast	-0.25	0.34
group	-0.25	0.74
location	-0.25	0.59
slowed	-0.25	0.52
sooner	-0.25	0.96
feelings	-0.24	0.88
replaced	-0.24	0.57
na	-0.24	1.19
army	-0.24	0.19
disappeared	-0.24	0.52
blanket	-0.24	0.35
county	-0.24	0.37
organizations	-0.24	0.51
brief	-0.24	0.51
fully	-0.24	0.61
anger	-0.24	1.06
rob	-0.24	1.05
physician	-0.24	0.23
hardly	-0.24	0.83
generally	-0.24	0.34
anyone	-0.24	0.95
any	-0.24	0.91
courts	-0.23	0.30
engine	-0.23	0.23
deny	-0.23	0.52
argument	-0.23	0.31
asia	-0.23	0.40
questions	-0.23	0.31
doctor	-0.23	0.23
authority	-0.23	0.72
environment	-0.23	0.48
capable	-0.23	0.38
flash	-0.23	0.22
deep	-0.23	0.38
water	-0.23	0.47
resistance	-0.23	0.22
pretend	-0.23	0.91
coming	-0.23	0.66
widely	-0.23	0.26
comments	-0.23	0.51
tear	-0.23	0.23
explained	-0.22	1.12
consider	-0.22	0.35
parts	-0.22	0.21
madison	-0.22	0.69
russia	-0.22	0.52
flesh	-0.22	0.37
united	-0.22	0.44
power	-0.22	0.63
gets	-0.22	0.83
catch	-0.22	0.30
commercial	-0.22	0.24
doorway	-0.22	0.28
increasing	-0.22	0.94
regard	-0.22	0.85
joint	-0.22	0.31
fear	-0.22	1.02
matter	-0.22	1.01
collins	-0.22	0.74
pounding	-0.22	0.38
elevator	-0.22	0.33
because	-0.22	1.00
military	-0.22	0.31
command	-0.22	0.16
bell	-0.22	0.37
hire	-0.21	0.52
korean	-0.21	0.31
canada	-0.21	0.51
eggs	-0.21	0.37
while	-0.21	0.64
pit	-0.21	0.24
obviously	-0.21	0.60
spain	-0.21	0.57
happened	-0.21	1.07
things	-0.21	1.09
slammed	-0.21	0.28
further	-0.21	0.34
waves	-0.21	0.35
judges	-0.21	0.25
fort	-0.21	0.24
quietly	-0.21	0.38
grows	-0.21	0.54
emerged	-0.21	0.56
kingdom	-0.21	1.24
sandwich	-0.21	0.29
drag	-0.21	0.29
remembers	-0.21	1.61
rage	-0.21	1.13
nursing	-0.21	0.25
regarded	-0.21	0.45
fleet	-0.21	0.26
angel	-0.21	0.78
industrial	-0.21	0.34
passenger	-0.21	0.16
desert	-0.20	0.31
buddy	-0.20	0.98
central	-0.20	0.31
trend	-0.20	0.18
spun	-0.20	0.24
leads	-0.20	0.25
caught	-0.20	0.58
seems	-0.20	0.77
zero	-0.20	0.70
selection	-0.20	0.19
cia	-0.20	0.85
struggled	-0.20	0.46
copyright	-0.20	0.68
corridor	-0.20	0.33
australia	-0.20	0.51
officials	-0.20	0.35
city	-0.20	0.52
tore	-0.20	0.23
completely	-0.20	0.52
limit	-0.20	0.72
spotted	-0.20	0.64
cracked	-0.20	0.25
roads	-0.20	0.37
context	-0.20	0.17
strategic	-0.20	0.23
thought	-0.19	1.00
promote	-0.19	0.48
dna	-0.19	0.28
airport	-0.19	0.19
harold	-0.19	0.90
opinion	-0.19	0.47
land	-0.19	0.43
almost	-0.19	0.49
counting	-0.19	0.23
east	-0.19	0.24
operation	-0.19	0.14
saw	-0.19	1.00
dreamed	-0.19	1.40
garage	-0.19	0.40
stumbled	-0.19	0.36
fact	-0.19	0.85
either	-0.19	0.98
knowledge	-0.19	0.47
jumping	-0.19	0.45
visited	-0.19	1.13
task	-0.18	0.52
attempted	-0.18	0.60
tend	-0.18	0.39
rank	-0.18	0.70
expanded	-0.18	0.69
trained	-0.18	0.20
bars	-0.18	0.25
identify	-0.18	0.26
lieutenant	-0.18	0.12
rushed	-0.18	0.37
letting	-0.18	0.64
window	-0.18	0.26
usually	-0.18	0.46
pentagon	-0.18	0.40
reflection	-0.18	0.48
assistance	-0.18	0.48
demand	-0.18	0.20
famous	-0.18	0.73
doors	-0.18	0.23
depending	-0.18	0.72
being	-0.18	0.60
law	-0.17	0.34
prove	-0.17	0.42
losing	-0.17	0.56
off	-0.17	0.28
stars	-0.17	0.35
getting	-0.17	0.96
alert	-0.17	0.36
remembering	-0.17	0.82
lying	-0.17	0.39
germany	-0.17	0.53
bags	-0.17	0.68
japan	-0.17	0.44
claims	-0.17	0.25
operations	-0.17	0.31
radiation	-0.17	0.25
noted	-0.17	0.57
breast	-0.17	0.22
previously	-0.17	0.16
horizon	-0.17	0.42
monitor	-0.17	0.11
junior	-0.17	0.71
plain	-0.17	0.40
illusion	-0.17	0.48
driving	-0.17	0.12
tice	-0.17	0.73
strongly	-0.16	0.55
initial	-0.16	0.18
staring	-0.16	0.45
stranger	-0.16	2.00
action	-0.16	0.19
followed	-0.16	0.46
example	-0.16	0.36
bob	-0.16	0.85
however	-0.16	0.55
worry	-0.16	0.79
corps	-0.16	0.16
image	-0.16	0.46
much	-0.16	1.06
remains	-0.16	0.29
replace	-0.16	0.12
everybody	-0.16	0.84
cooked	-0.16	0.35
rang	-0.16	0.36
gave	-0.16	0.48
agencies	-0.16	0.41
differences	-0.16	0.27
procedure	-0.15	0.16
simply	-0.15	0.64
tent	-0.15	0.17
manage	-0.15	0.27
government	-0.15	0.34
diversity	-0.15	0.76
tank	-0.15	0.32
mind	-0.15	0.60
hall	-0.15	0.45
button	-0.15	0.14
rivers	-0.15	0.24
aboard	-0.15	0.28
experts	-0.15	0.20
swim	-0.15	0.20
pa	-0.15	0.48
hitting	-0.15	0.15
fake	-0.15	0.85
yelled	-0.15	0.51
yet	-0.15	0.73
facility	-0.15	0.21
fix	-0.15	0.41
potential	-0.15	0.62
1980s	-0.15	0.20
involvement	-0.15	0.47
drivers	-0.15	0.16
bus	-0.15	0.14
glowing	-0.15	0.59
gathered	-0.15	0.45
pray	-0.15	1.12
briefly	-0.15	0.36
kick	-0.14	0.37
corbin	-0.14	0.73
decision	-0.14	0.25
combined	-0.14	0.65
although	-0.14	0.70
suggests	-0.14	0.27
supported	-0.14	0.17
programs	-0.14	0.33
glow	-0.14	0.53
longer	-0.14	0.86
houses	-0.14	0.92
ultimately	-0.14	0.43
regret	-0.14	1.01
indian	-0.14	0.53
person	-0.14	0.97
include	-0.14	0.28
armor	-0.14	0.29
policy	-0.14	0.19
appeared	-0.14	0.50
west	-0.14	0.33
live	-0.14	0.53
shell	-0.14	0.28
baltimore	-0.14	0.42
anything	-0.14	0.97
section	-0.14	0.19
naturally	-0.14	0.52
leaders	-0.14	0.39
thrown	-0.14	0.24
western	-0.14	0.40
neighborhood	-0.14	0.82
laws	-0.14	0.32
lesson	-0.14	0.21
spare	-0.14	0.25
developing	-0.14	0.19
lies	-0.14	0.29
waters	-0.13	0.26
otherwise	-0.13	0.55
machine	-0.13	0.11
streets	-0.13	0.41
scope	-0.13	0.15
jersey	-0.13	0.45
spin	-0.13	0.21
orders	-0.13	0.15
leading	-0.13	0.19
world	-0.13	0.22
make	-0.13	0.73
ships	-0.13	0.29
broke	-0.13	0.31
protected	-0.13	0.65
rising	-0.13	0.42
rule	-0.13	0.24
couch	-0.13	0.37
cloth	-0.13	0.54
stopped	-0.13	0.60
nelson	-0.13	0.74
twist	-0.13	0.56
sea	-0.13	0.27
kim	-0.13	0.32
difference	-0.13	0.73
headquarters	-0.13	0.25
provided	-0.13	0.54
recall	-0.13	0.41
object	-0.13	0.49
public	-0.13	0.32
cleveland	-0.13	0.42
transition	-0.13	0.25
lock	-0.12	0.15
grain	-0.12	0.39
stronger	-0.12	1.02
members	-0.12	0.84
chamber	-0.12	0.42
evidence	-0.12	0.28
similar	-0.12	0.41
reason	-0.12	0.82
commander	-0.12	0.19
american	-0.12	0.45
france	-0.12	0.55
ankle	-0.12	0.69
int	-0.12	0.32
found	-0.12	0.44
moore	-0.12	0.76
bucks	-0.12	0.32
inside	-0.12	0.21
clock	-0.12	0.24
attorney	-0.12	0.29
despite	-0.12	0.39
directly	-0.12	0.26
beef	-0.12	0.35
vehicles	-0.12	0.12
tunnel	-0.12	0.16
scientists	-0.12	0.20
connected	-0.12	0.17
continuous	-0.12	0.33
lay	-0.12	0.34
referring	-0.12	0.62
far	-0.12	0.92
response	-0.12	0.40
someone	-0.12	0.96
large	-0.12	0.74
trucks	-0.12	0.13
claim	-0.12	0.27
hurried	-0.11	0.43
cars	-0.11	0.16
impact	-0.11	0.43
helped	-0.11	0.67
assigned	-0.11	0.23
shelf	-0.11	0.19
increase	-0.11	0.84
ward	-0.11	0.25
carbon	-0.11	0.33
social	-0.11	0.31
kumar	-0.11	0.90
returning	-0.11	0.66
floating	-0.11	0.26
luck	-0.11	1.58
angeles	-0.11	0.42
cholesterol	-0.11	0.16
planet	-0.11	0.24
billy	-0.11	0.86
supply	-0.11	0.21
glasses	-0.11	0.50
needed	-0.11	0.68
links	-0.11	0.27
california	-0.11	0.41
selected	-0.11	0.21
major	-0.11	0.70
certainly	-0.11	0.82
stop	-0.11	0.55
institutions	-0.11	0.44
household	-0.11	0.65
apparently	-0.11	0.54
single	-0.11	0.64
backed	-0.11	0.44
officers	-0.11	0.19
part	-0.11	1.07
provide	-0.11	0.56
sergeant	-0.10	0.11
physical	-0.10	0.34
european	-0.10	0.44
storage	-0.10	0.29
fields	-0.10	0.50
sign	-0.10	0.46
supreme	-0.10	0.27
entrance	-0.10	0.25
jumped	-0.10	0.41
ran	-0.10	0.42
none	-0.10	0.57
fallen	-0.10	0.27
legend	-0.10	0.67
shade	-0.10	0.76
skull	-0.10	0.30
focus	-0.10	0.28
mission	-0.10	0.14
guest	-0.10	0.77
plenty	-0.10	0.48
popped	-0.10	0.18
subject	-0.10	0.29
nasa	-0.10	0.16
scattered	-0.10	0.24
curled	-0.10	0.31
mix	-0.10	0.69
glance	-0.10	0.37
protection	-0.10	0.33
services	-0.10	0.34
earth	-0.10	0.23
dawn	-0.10	0.47
else	-0.10	0.96
eventually	-0.10	0.49
detroit	-0.10	0.42
fell	-0.10	0.34
salmon	-0.10	0.28
policies	-0.10	0.21
application	-0.10	0.59
size	-0.10	0.65
exposed	-0.10	0.32
help	-0.10	0.61
entire	-0.10	0.61
nothing	-0.10	1.11
instant	-0.09	0.38
launched	-0.09	0.20
restaurants	-0.09	0.45
locked	-0.09	0.17
confirmed	-0.09	0.26
unable	-0.09	0.65
suggest	-0.09	0.26
failed	-0.09	0.65
idea	-0.09	1.16
worked	-0.09	0.92
provides	-0.09	0.57
legislation	-0.09	0.30
counter	-0.09	0.20
radical	-0.09	0.27
shake	-0.09	0.34
appears	-0.09	0.39
calling	-0.09	0.68
included	-0.09	0.17
professionals	-0.09	0.21
intended	-0.09	0.82
signal	-0.09	0.15
lines	-0.09	0.44
base	-0.09	0.17
launch	-0.09	0.20
researchers	-0.09	0.20
night	-0.09	0.54
fan	-0.09	0.39
closed	-0.09	0.20
riley	-0.09	0.40
appearance	-0.09	0.59
cart	-0.09	0.25
pearl	-0.09	0.61
victor	-0.09	0.86
examined	-0.09	0.23
abandoned	-0.09	0.47
contains	-0.09	0.50
jimmy	-0.09	0.68
instance	-0.09	0.48
another	-0.09	0.30
office	-0.09	0.41
sky	-0.09	0.51
massachusetts	-0.09	0.41
adding	-0.08	0.17
attempts	-0.08	0.63
nuts	-0.08	0.58
stolen	-0.08	0.54
independent	-0.08	0.16
waste	-0.08	0.25
studying	-0.08	0.22
visitor	-0.08	0.74
lie	-0.08	0.44
cultural	-0.08	0.41
solution	-0.08	0.31
three	-0.08	0.27
excitement	-0.08	1.00
especially	-0.08	0.54
project	-0.08	0.18
four	-0.08	0.26
asian	-0.08	0.46
cargo	-0.08	0.23
ocean	-0.08	0.25
drops	-0.08	0.36
growth	-0.08	0.31
draw	-0.08	0.30
defensive	-0.08	0.20
colorado	-0.08	0.36
disappear	-0.08	0.43
drawn	-0.08	0.33
expansion	-0.08	0.28
offensive	-0.08	0.28
ruled	-0.08	0.39
discovered	-0.08	0.56
executives	-0.08	0.51
officer	-0.08	0.13
bath	-0.08	0.81
agree	-0.08	0.57
curb	-0.08	0.18
code	-0.08	0.13
van	-0.08	0.17
passed	-0.08	0.39
sought	-0.08	0.60
vegetables	-0.07	0.37
dirt	-0.07	0.50
increases	-0.07	0.56
somewhere	-0.07	0.66
falling	-0.07	0.21
lab	-0.07	0.16
came	-0.07	0.66
farther	-0.07	0.55
showed	-0.07	0.35
row	-0.07	0.24
businesses	-0.07	0.52
regional	-0.07	0.42
tried	-0.07	0.70
form	-0.07	0.76
moon	-0.07	0.32
approached	-0.07	0.62
laughing	-0.07	0.48
captain	-0.07	0.15
department	-0.07	0.34
organization	-0.07	0.35
dishes	-0.07	0.36
managed	-0.07	0.69
sector	-0.07	0.42
process	-0.07	0.20
mayor	-0.07	0.37
reporting	-0.07	0.69
safety	-0.07	0.81
1970s	-0.07	0.20
sufficient	-0.07	0.55
pump	-0.07	0.19
opened	-0.07	0.27
bits	-0.07	0.34
tries	-0.07	0.67
knife	-0.07	0.24
solar	-0.07	0.23
regularly	-0.07	0.23
couple	-0.07	0.27
numbers	-0.07	0.21
mounted	-0.06	0.18
cried	-0.06	0.70
watching	-0.06	0.40
entered	-0.06	0.30
helping	-0.06	0.59
drive	-0.06	0.15
lid	-0.06	0.24
opportunities	-0.06	0.50
corner	-0.06	0.23
sharon	-0.06	0.26
controls	-0.06	0.17
millions	-0.06	0.27
colleges	-0.06	0.46
local	-0.06	0.22
explaining	-0.06	0.66
congress	-0.06	0.24
switch	-0.06	0.16
lands	-0.06	0.42
steps	-0.06	0.24
sword	-0.06	0.21
ceiling	-0.06	0.23
happen	-0.06	1.04
dried	-0.06	0.54
ways	-0.06	0.49
chicago	-0.06	0.43
concept	-0.06	0.26
mars	-0.06	0.16
adds	-0.06	0.54
stake	-0.06	0.47
intensity	-0.06	0.30
headed	-0.06	0.35
understood	-0.06	0.88
harbor	-0.06	0.24
perhaps	-0.06	0.68
anywhere	-0.06	0.89
listed	-0.06	0.25
mirror	-0.06	0.18
association	-0.06	0.35
salt	-0.06	0.58
receive	-0.06	0.45
driver	-0.06	0.16
each	-0.06	0.29
miracle	-0.06	0.65
distinct	-0.06	0.39
required	-0.06	0.37
kicked	-0.06	0.25
used	-0.06	0.58
downtown	-0.05	0.42
unless	-0.05	0.88
breathing	-0.05	0.40
allows	-0.05	0.51
chicken	-0.05	0.34
findings	-0.05	0.21
indicate	-0.05	0.23
encouraged	-0.05	0.53
parked	-0.05	0.14
booth	-0.05	0.20
expected	-0.05	0.69
seven	-0.05	0.25
pound	-0.05	0.39
chopped	-0.05	0.48
laboratory	-0.05	0.18
forcing	-0.05	0.62
five	-0.05	0.25
fist	-0.05	0.25
indeed	-0.05	0.50
traffic	-0.05	0.13
dry	-0.05	1.20
maintenance	-0.05	0.21
asked	-0.05	0.93
explain	-0.05	0.60
sees	-0.05	0.52
vehicle	-0.05	0.13
sucked	-0.05	0.51
open	-0.05	0.15
wheels	-0.05	0.15
bike	-0.05	0.21
ship	-0.05	0.28
drove	-0.05	0.20
complex	-0.05	0.55
approved	-0.05	0.24
term	-0.05	0.17
wilderness	-0.05	0.29
fox	-0.05	0.21
whether	-0.05	0.61
rarely	-0.05	0.60
filed	-0.05	0.28
butt	-0.05	0.33
forests	-0.04	0.34
navy	-0.04	0.22
lets	-0.04	0.50
railroad	-0.04	0.15
cold	-0.04	1.60
samuel	-0.04	0.86
governments	-0.04	0.36
panel	-0.04	0.07
car	-0.04	0.14
telescope	-0.04	0.18
wagon	-0.04	0.20
highway	-0.04	0.16
stay	-0.04	0.60
purposes	-0.04	0.13
visiting	-0.04	1.07
attempt	-0.04	0.62
address	-0.04	0.23
according	-0.04	0.21
floor	-0.04	0.26
folks	-0.04	0.85
glimpse	-0.04	0.21
atlanta	-0.04	0.47
forced	-0.04	0.67
point	-0.04	0.87
tech	-0.04	0.27
able	-0.04	0.70
allowed	-0.04	0.69
checked	-0.04	0.39
anybody	-0.04	0.95
respond	-0.04	0.37
apply	-0.04	0.25
determined	-0.04	0.66
contain	-0.04	0.20
program	-0.04	0.26
defense	-0.04	0.27
recent	-0.04	0.16
breaks	-0.04	0.22
proof	-0.04	0.44
rail	-0.04	0.24
habits	-0.04	0.37
ear	-0.04	0.32
personnel	-0.04	0.20
trying	-0.04	0.72
statements	-0.04	0.27
windows	-0.04	0.29
phase	-0.04	0.24
truck	-0.04	0.13
may	-0.04	0.57
heading	-0.04	0.25
beside	-0.04	0.33
british	-0.04	0.30
studied	-0.04	0.50
system	-0.03	0.13
house	-0.03	0.95
shore	-0.03	0.22
whenever	-0.03	0.63
follows	-0.03	0.39
deeper	-0.03	0.56
churches	-0.03	0.77
interests	-0.03	0.26
components	-0.03	0.19
drives	-0.03	0.16
nearby	-0.03	0.20
completed	-0.03	0.17
signals	-0.03	0.10
responded	-0.03	0.76
located	-0.03	0.21
resources	-0.03	0.29
throw	-0.03	0.36
try	-0.03	0.75
ability	-0.03	0.40
spot	-0.03	0.24
continued	-0.03	0.50
fbi	-0.03	0.54
least	-0.03	0.49
detail	-0.03	0.22
fail	-0.03	0.65
falls	-0.03	0.37
twice	-0.03	0.28
rely	-0.03	0.32
river	-0.03	0.22
stares	-0.03	0.46
covering	-0.03	0.36
once	-0.03	0.72
box	-0.03	0.27
court	-0.03	0.41
number	-0.03	0.28
spray	-0.03	0.55
table	-0.03	0.32
research	-0.03	0.18
nights	-0.03	1.06
addition	-0.03	0.21
personally	-0.03	0.59
regular	-0.03	0.19
studio	-0.03	0.59
vision	-0.03	0.24
providing	-0.03	0.48
allowing	-0.03	0.62
similarly	-0.03	0.49
philip	-0.03	0.93
dedicated	-0.02	0.32
rice	-0.02	0.35
calories	-0.02	0.24
go	-0.02	0.76
wanting	-0.02	0.74
thinking	-0.02	0.94
efforts	-0.02	0.46
grabbed	-0.02	0.35
waiting	-0.02	0.39
underneath	-0.02	0.28
stops	-0.02	0.49
producing	-0.02	0.17
plans	-0.02	0.40
ext	-0.02	0.31
extent	-0.02	0.25
closer	-0.02	0.72
circuit	-0.02	0.20
decided	-0.02	0.74
cup	-0.02	0.47
servings	-0.02	0.27
cups	-0.02	0.45
allow	-0.02	0.61
oil	-0.02	0.37
color	-0.02	0.57
duty	-0.02	0.16
defend	-0.02	0.33
administration	-0.02	0.32
forest	-0.02	0.37
flipped	-0.02	0.32
olive	-0.02	0.44
sofa	-0.02	0.33
bible	-0.02	1.02
walked	-0.02	0.50
curtain	-0.02	0.40
choice	-0.02	0.66
swung	-0.02	0.32
produced	-0.02	0.19
order	-0.02	0.61
break	-0.02	0.39
sat	-0.02	0.40
raises	-0.02	0.37
helps	-0.01	0.53
also	-0.01	0.61
virtually	-0.01	0.35
topic	-0.01	0.48
issued	-0.01	0.23
screen	-0.01	0.12
stations	-0.01	0.20
times	-0.01	0.25
studies	-0.01	0.18
laughs	-0.01	0.79
cabinet	-0.01	0.14
shelves	-0.01	0.21
reflected	-0.01	0.25
produce	-0.01	0.21
rules	-0.01	0.24
registered	-0.01	0.15
volunteer	-0.01	0.22
paused	-0.01	0.68
talley	-0.01	0.56
easier	-0.01	0.93
discover	-0.01	0.36
examine	-0.01	0.17
diet	-0.01	0.22
kansas	-0.01	0.45
bay	-0.01	0.25
cabin	-0.01	0.46
towards	-0.01	0.33
crowded	-0.01	0.25
myself	-0.01	0.76
rain	-0.01	1.33
sitting	-0.01	0.35
throws	-0.01	0.45
funding	-0.01	0.33
wan	-0.01	1.12
might	-0.01	0.80
keep	-0.01	0.38
eight	-0.01	0.24
plastic	-0.01	0.30
scholars	-0.01	0.28
pickup	-0.01	0.13
woods	-0.01	0.43
concepts	-0.01	0.18
camera	-0.01	0.10
experiment	-0.01	0.25
light	-0.01	0.45
us	-0.01	0.84
praise	-0.00	1.07
neighbors	-0.00	1.06
done	-0.00	1.16
university	-0.00	0.25
willing	-0.00	0.71
very	-0.00	0.58
houston	-0.00	0.32
chose	-0.00	0.60
guards	-0.00	0.22
dial	-0.00	0.13
cell	-0.00	0.15
doubt	-0.00	0.64
standing	-0.00	0.39
ground	-0.00	0.43
reported	-0.00	0.27
snap	-0.00	0.22
rise	-0.00	0.32
ourselves	-0.00	0.63
seeking	-0.00	0.37
crushed	-0.00	0.54
sin	-0.00	1.12
environmental	-0.00	0.44
upward	-0.00	0.27
grabs	-0.00	0.46
sources	-0.00	0.26
shouted	-0.00	0.49
perform	-0.00	0.37
holy	0.00	1.09
ought	0.00	0.80
journey	0.00	0.47
systems	0.00	0.18
passes	0.00	0.17
took	0.00	0.42
valley	0.00	0.25
fuel	0.00	0.24
listened	0.00	0.54
employed	0.00	0.28
answers	0.00	0.39
pulls	0.00	0.46
under	0.00	0.23
clever	0.00	1.57
boats	0.00	0.29
effort	0.00	0.42
let	0.00	0.75
blank	0.00	0.42
six	0.00	0.24
branch	0.00	0.45
kind	0.00	1.73
conventional	0.00	0.22
find	0.00	0.57
mg	0.00	0.31
national	0.00	0.25
should	0.00	0.79
mouth	0.00	0.31
watched	0.00	0.66
depends	0.00	0.67
outside	0.01	0.27
boston	0.01	0.34
philadelphia	0.01	0.36
wish	0.01	0.70
stand	0.01	0.37
industry	0.01	0.23
watch	0.01	0.37
halfway	0.01	0.19
carlos	0.01	0.60
sodium	0.01	0.31
kong	0.01	0.35
troy	0.01	0.53
ten	0.01	0.23
farmer	0.01	0.73
minnesota	0.01	0.62
garlic	0.01	0.48
pillow	0.01	0.33
threw	0.01	0.33
civilian	0.01	0.22
mercury	0.01	0.18
reports	0.01	0.17
talk	0.01	0.80
happens	0.01	1.05
educational	0.01	0.36
hole	0.01	0.16
continue	0.01	0.52
patience	0.01	0.30
emotional	0.01	0.58
utility	0.01	0.20
sits	0.01	0.40
reaches	0.01	0.48
improvement	0.01	0.66
electric	0.01	0.29
deck	0.01	0.24
decide	0.01	0.54
campbell	0.01	0.32
station	0.01	0.11
current	0.01	0.19
stood	0.01	0.53
runs	0.01	0.27
trunk	0.01	0.19
emerging	0.01	0.24
mountains	0.01	0.27
wall	0.01	0.22
gradually	0.01	0.28
discussion	0.01	0.19
others	0.01	0.70
begun	0.01	0.50
brought	0.01	0.34
division	0.01	0.18
front	0.01	0.21
board	0.01	0.26
cheese	0.01	0.39
grab	0.02	0.29
ray	0.02	0.69
thousand	0.02	0.21
article	0.02	0.19
making	0.02	0.88
israeli	0.02	0.65
seattle	0.02	0.33
alley	0.02	0.25
temporary	0.02	0.52
continues	0.02	0.46
clothes	0.02	0.37
aloud	0.02	0.29
nine	0.02	0.23
arrival	0.02	0.37
kit	0.02	0.19
biggest	0.02	1.06
faded	0.02	0.25
opens	0.02	0.42
emotion	0.02	1.11
need	0.02	0.75
flow	0.02	0.28
stopping	0.02	0.25
milk	0.02	0.37
parks	0.02	0.65
bag	0.02	0.24
lake	0.02	0.25
denver	0.02	0.32
commerce	0.02	0.32
load	0.02	0.26
champion	0.02	0.21
mere	0.02	0.19
miles	0.02	0.14
pepper	0.02	0.44
crossing	0.02	0.13
look	0.02	0.82
means	0.02	0.66
advance	0.02	0.17
shy	0.02	1.06
images	0.02	0.12
alexander	0.02	0.52
hook	0.02	0.16
routine	0.02	0.14
thirty	0.02	0.22
reserve	0.02	0.11
hundred	0.02	0.20
retreat	0.02	0.46
movement	0.02	0.31
narrative	0.02	0.30
bench	0.02	0.26
high	0.02	0.47
victory	0.02	0.16
rare	0.02	0.93
details	0.03	0.20
levels	0.03	0.43
rolling	0.03	0.26
voters	0.03	0.41
backs	0.03	0.21
takes	0.03	0.53
twelve	0.03	0.22
train	0.03	0.11
pictures	0.03	0.14
rushing	0.03	0.10
miami	0.03	0.26
collected	0.03	0.10
forty	0.03	0.20
must	0.03	0.70
opening	0.03	0.15
park	0.03	0.28
turn	0.03	0.48
pope	0.03	0.77
justice	0.03	0.88
energy	0.03	0.24
agency	0.03	0.36
slightly	0.03	0.41
snapped	0.03	0.44
porch	0.03	0.29
fortunately	0.03	0.60
advanced	0.03	0.17
walking	0.03	0.37
strategy	0.03	0.15
created	0.03	0.18
breaking	0.03	0.24
reverend	0.03	0.46
mile	0.03	0.13
happening	0.03	1.08
johnny	0.03	0.61
twenty	0.03	0.22
overnight	0.03	0.19
sun	0.03	0.52
lane	0.03	0.18
shoved	0.03	0.35
stepped	0.03	0.52
watches	0.03	0.47
report	0.03	0.16
ranch	0.03	0.49
society	0.03	0.33
eleven	0.03	0.22
dropped	0.03	0.33
pounds	0.03	0.26
laid	0.03	0.21
fourteen	0.03	0.22
colonel	0.03	0.11
receiving	0.03	0.17
eye	0.03	0.21
sixteen	0.04	0.22
logic	0.04	0.21
giants	0.04	0.28
thirteen	0.04	0.22
culture	0.04	0.40
view	0.04	0.24
batman	0.04	0.46
actors	0.04	0.49
afterward	0.04	0.25
path	0.04	0.15
mill	0.04	0.34
struggle	0.04	0.41
hits	0.04	0.21
sand	0.04	0.51
discuss	0.04	0.26
exit	0.04	0.24
notion	0.04	0.31
served	0.04	0.22
available	0.04	0.68
recognize	0.04	0.41
deliver	0.04	0.19
delay	0.04	0.34
relief	0.04	0.93
carried	0.04	0.24
nearly	0.04	0.22
quarterback	0.04	0.16
foreign	0.04	0.34
clay	0.04	0.43
universities	0.04	0.39
cuts	0.04	0.19
resident	0.04	0.41
additional	0.04	0.18
memory	0.04	0.29
council	0.04	0.29
thrust	0.04	0.25
determine	0.04	0.39
trusted	0.04	1.62
washington	0.04	0.27
save	0.04	0.37
onion	0.04	0.42
walks	0.04	0.46
francisco	0.04	0.29
study	0.04	0.22
yourself	0.04	0.78
theory	0.04	0.25
silence	0.04	0.68
slapped	0.04	0.27
looks	0.04	0.55
fifteen	0.04	0.21
realize	0.04	0.62
holds	0.04	0.47
does	0.04	0.85
slowly	0.04	0.29
sit	0.04	0.35
designed	0.04	0.46
building	0.04	0.39
cooking	0.04	0.35
proposal	0.04	0.19
series	0.04	0.20
rolls	0.04	0.33
contained	0.04	0.14
walk	0.04	0.39
island	0.04	0.29
moves	0.04	0.45
survey	0.04	0.26
conference	0.04	0.32
ryan	0.04	0.63
stepping	0.05	0.37
picks	0.05	0.49
ball	0.05	0.15
expectations	0.05	0.35
organized	0.05	0.24
grasp	0.05	0.32
basis	0.05	0.19
looked	0.05	0.69
earned	0.05	0.53
eddie	0.05	0.76
remember	0.05	0.93
pitcher	0.05	0.23
1990s	0.05	0.19
center	0.05	0.31
dallas	0.05	0.28
cleared	0.05	0.39
constitution	0.05	0.39
starts	0.05	0.47
finds	0.05	0.39
built	0.05	0.28
tracks	0.05	0.11
guard	0.05	0.18
muscle	0.05	0.29
turns	0.05	0.50
pull	0.05	0.26
listening	0.05	0.51
attention	0.05	0.27
protein	0.05	0.25
separate	0.05	0.23
health	0.05	0.46
hesitated	0.05	0.70
passing	0.05	0.21
understanding	0.05	0.21
plan	0.05	0.26
pot	0.05	0.50
fixed	0.05	0.27
sixty	0.05	0.20
request	0.05	0.33
carpet	0.05	0.33
shallow	0.05	0.26
pete	0.05	0.51
journal	0.05	0.15
body	0.05	0.31
slipped	0.05	0.35
blocks	0.05	0.32
ca	0.05	0.78
talking	0.05	0.74
prime	0.05	0.39
piece	0.05	0.21
snow	0.05	0.73
assume	0.05	0.56
commission	0.05	0.28
anymore	0.05	0.97
possibly	0.05	0.67
hotel	0.06	0.49
probably	0.06	1.06
turned	0.06	0.62
whisper	0.06	0.66
techniques	0.06	0.17
am	0.06	0.74
frozen	0.06	0.44
slices	0.06	0.33
international	0.06	0.34
fifty	0.06	0.19
salad	0.06	0.32
bare	0.06	0.34
ago	0.06	0.25
usual	0.06	0.81
leans	0.06	0.48
peered	0.06	0.53
delivered	0.06	0.17
plus	0.06	0.21
walls	0.06	0.30
japanese	0.06	0.36
holes	0.06	0.20
perceived	0.06	0.27
crop	0.06	0.51
better	0.06	1.84
gordon	0.06	0.56
pulled	0.06	0.35
dug	0.06	0.14
ministry	0.06	0.59
step	0.06	0.34
nowhere	0.06	0.88
frowned	0.06	0.70
settle	0.06	0.18
science	0.06	0.16
stream	0.06	0.29
satellite	0.06	0.08
road	0.06	0.15
soon	0.06	0.56
applications	0.06	0.16
drop	0.06	0.27
climbed	0.06	0.32
wo	0.06	0.77
hiding	0.06	0.37
sue	0.06	0.59
forever	0.06	0.50
tv	0.06	0.14
block	0.06	0.31
pieces	0.06	0.23
scientific	0.06	0.16
et	0.06	0.28
chosen	0.06	0.58
samples	0.07	0.23
approach	0.07	0.22
searching	0.07	0.28
want	0.07	0.83
chest	0.07	0.27
tossed	0.07	0.27
prep	0.07	0.30
perspective	0.07	0.23
grocery	0.07	0.17
traveled	0.07	0.67
equipment	0.07	0.14
slid	0.07	0.32
products	0.07	0.21
pushed	0.07	0.38
wave	0.07	0.70
pasta	0.07	0.35
security	0.07	0.27
past	0.07	0.20
run	0.07	0.38
stands	0.07	0.47
ford	0.07	0.11
berkeley	0.07	0.18
engineering	0.07	0.17
goes	0.07	0.55
bridge	0.07	0.12
participants	0.07	0.30
materials	0.07	0.18
atmosphere	0.07	0.63
emphasis	0.07	0.20
politics	0.07	0.25
behind	0.07	0.17
answer	0.07	0.73
sent	0.07	0.59
youth	0.07	0.93
introduced	0.07	0.52
helmet	0.07	0.25
thoughts	0.07	0.37
stared	0.07	0.67
cameras	0.07	0.07
belly	0.07	0.29
take	0.07	0.51
giving	0.07	0.35
experiments	0.07	0.25
mass	0.07	0.55
manhattan	0.07	0.36
rocks	0.07	0.30
closing	0.07	0.21
sheets	0.07	0.26
offense	0.07	0.16
usa	0.07	0.23
bring	0.07	0.37
boat	0.08	0.29
hills	0.08	0.31
agenda	0.08	0.25
midnight	0.08	0.50
remembered	0.08	1.55
away	0.08	0.28
faster	0.08	0.81
picked	0.08	0.34
toward	0.08	0.22
curiosity	0.08	0.88
analysis	0.08	0.26
sidewalk	0.08	0.21
fiction	0.08	0.42
revolution	0.08	0.32
plate	0.08	0.31
pass	0.08	0.29
sending	0.08	0.20
history	0.08	0.21
balls	0.08	0.12
floors	0.08	0.32
television	0.08	0.10
beans	0.08	0.40
kept	0.08	0.59
bearing	0.08	0.27
planning	0.08	0.49
drew	0.08	0.36
carries	0.08	0.21
swimming	0.08	0.13
using	0.08	0.30
conducted	0.08	0.22
rises	0.08	0.31
canadian	0.08	0.29
san	0.08	0.25
hurry	0.08	0.65
announced	0.08	0.39
russian	0.08	0.32
wayne	0.08	0.46
palms	0.08	0.38
began	0.08	0.35
testing	0.08	0.23
beyond	0.08	0.19
branches	0.08	0.50
puts	0.08	0.49
servants	0.08	1.02
adults	0.08	1.03
seated	0.08	0.32
backpack	0.08	0.19
roses	0.08	1.60
glanced	0.08	0.68
approximately	0.08	0.15
indicated	0.09	0.29
ap	0.09	0.17
discovery	0.09	0.75
consumer	0.09	0.28
enters	0.09	0.46
move	0.09	0.49
seeing	0.09	0.78
gaze	0.09	0.42
bishop	0.09	0.79
tourists	0.09	0.42
brenda	0.09	0.51
port	0.09	0.29
learn	0.09	0.32
removed	0.09	0.19
movements	0.09	0.25
articles	0.09	0.22
harvard	0.09	0.19
intelligence	0.09	0.62
roof	0.09	0.24
roughly	0.09	0.21
1960s	0.09	0.25
electricity	0.09	0.28
sliding	0.09	0.18
engineer	0.09	0.28
aim	0.09	0.35
pin	0.09	0.28
column	0.09	0.21
lower	0.09	0.38
device	0.09	0.12
begins	0.09	0.34
ads	0.09	0.19
committee	0.09	0.28
sacred	0.09	1.06
channel	0.09	0.07
carefully	0.09	0.65
prepared	0.09	0.60
yards	0.09	0.08
foster	0.09	0.90
crane	0.09	0.49
slides	0.09	0.18
patch	0.09	0.38
answering	0.10	0.30
seat	0.10	0.25
holding	0.10	0.31
still	0.10	0.66
via	0.10	0.15
staff	0.10	0.26
reaching	0.10	0.22
stuck	0.10	0.23
volume	0.10	0.20
deputy	0.10	0.27
approaches	0.10	0.35
participate	0.10	0.24
spokesman	0.10	0.24
put	0.10	0.32
softly	0.10	0.40
signed	0.10	0.57
shows	0.10	0.14
near	0.10	0.19
novels	0.10	0.46
religious	0.10	0.64
speaking	0.10	0.64
cable	0.10	0.10
operate	0.10	0.09
rings	0.10	0.29
spine	0.10	0.27
half	0.10	0.18
show	0.10	0.14
universal	0.10	0.34
tomatoes	0.10	0.49
twisted	0.10	0.21
street	0.10	0.28
use	0.10	0.15
brendan	0.10	0.55
landscape	0.10	0.23
driveway	0.10	0.22
ideas	0.10	0.27
drawer	0.10	0.13
messages	0.10	0.18
carry	0.10	0.27
production	0.10	0.22
post	0.10	0.14
aisle	0.10	0.16
easily	0.10	0.55
direction	0.10	0.27
competitive	0.10	0.51
bread	0.10	0.42
hood	0.10	0.15
rolled	0.10	0.45
sense	0.10	0.77
includes	0.10	0.49
training	0.10	0.16
representative	0.10	0.29
willie	0.10	0.57
decade	0.10	0.18
campus	0.10	0.34
ones	0.11	0.65
contract	0.11	0.51
stories	0.11	0.41
voice	0.11	0.80
hint	0.11	0.92
smaller	0.11	0.82
working	0.11	0.73
actually	0.11	1.13
diego	0.11	0.28
word	0.11	0.35
print	0.11	0.19
receiver	0.11	0.13
largest	0.11	0.35
ahead	0.11	0.25
desk	0.11	0.20
objects	0.11	0.25
old	0.11	0.89
comes	0.11	0.71
recommended	0.11	0.14
swinging	0.11	0.20
reflect	0.11	0.49
route	0.11	0.19
folded	0.11	0.22
along	0.11	0.16
wheel	0.11	0.17
gazed	0.11	0.64
supplies	0.11	0.14
reporters	0.11	0.16
moved	0.11	0.53
track	0.11	0.10
seconds	0.11	0.26
news	0.11	0.11
dennis	0.11	0.54
pushing	0.11	0.30
seriously	0.11	1.01
brick	0.11	0.37
teach	0.11	0.24
collect	0.11	0.17
reached	0.11	0.37
wilson	0.11	0.29
repeated	0.11	0.70
press	0.11	0.12
options	0.11	0.55
ii	0.11	0.32
boards	0.11	0.11
possibilities	0.11	0.41
spinning	0.11	0.18
slice	0.11	0.31
instruction	0.11	0.27
attract	0.11	0.18
sydney	0.11	0.50
shakes	0.11	0.58
buy	0.11	0.20
governor	0.12	0.33
hang	0.12	0.47
dig	0.12	0.15
visits	0.12	0.41
potatoes	0.12	0.39
cab	0.12	0.22
lowered	0.12	0.49
granted	0.12	0.49
reporter	0.12	0.15
handed	0.12	0.32
bruce	0.12	0.51
pick	0.12	0.37
professor	0.12	0.17
tucked	0.12	0.24
tells	0.12	1.51
blown	0.12	0.63
interviews	0.12	0.16
larger	0.12	0.76
network	0.12	0.20
secretary	0.12	0.28
marcus	0.12	0.91
hold	0.12	0.34
rookie	0.12	0.20
slide	0.12	0.12
purse	0.12	0.15
placed	0.12	0.26
dock	0.12	0.26
crops	0.12	0.55
fishing	0.12	0.24
nutrition	0.12	0.16
exactly	0.12	1.15
following	0.13	0.26
per	0.13	0.22
centuries	0.13	0.36
agents	0.13	0.51
search	0.13	0.11
waving	0.13	0.49
christ	0.13	1.21
give	0.13	0.43
data	0.13	0.24
bobby	0.13	0.51
pulling	0.13	0.32
gate	0.13	0.18
muttered	0.13	0.58
york	0.13	0.29
golf	0.13	0.17
institute	0.13	0.16
pizza	0.13	0.33
brush	0.13	0.50
ease	0.13	0.83
held	0.13	0.32
columbia	0.13	0.19
ridge	0.13	0.18
elementary	0.13	0.29
mystery	0.13	0.54
silently	0.13	0.34
everyone	0.13	0.86
boost	0.13	0.82
enter	0.13	0.22
socks	0.13	0.39
shown	0.13	0.25
sauce	0.13	0.40
lemon	0.13	0.61
file	0.13	0.07
among	0.13	0.43
tube	0.13	0.20
technical	0.13	0.21
daily	0.13	0.12
grow	0.13	0.44
paper	0.13	0.14
professional	0.13	0.22
session	0.13	0.19
soup	0.13	0.37
previous	0.13	0.18
urge	0.13	0.57
surely	0.13	0.58
spirit	0.13	1.35
reach	0.14	0.38
minute	0.14	0.31
lift	0.14	0.18
forms	0.14	0.19
shrugged	0.14	0.69
outer	0.14	0.17
silent	0.14	0.83
tablespoons	0.14	0.45
trails	0.14	0.16
onto	0.14	0.19
picking	0.14	0.24
taught	0.14	0.26
compete	0.14	0.11
corn	0.14	0.51
follow	0.14	0.40
shoe	0.14	0.19
web	0.14	0.11
quite	0.14	0.77
based	0.14	0.18
dropping	0.14	0.31
ancient	0.14	0.68
sighed	0.14	0.67
dressing	0.14	0.37
subjects	0.14	0.16
review	0.14	0.17
england	0.14	0.52
prayer	0.14	1.14
newspapers	0.14	0.15
raise	0.14	0.17
returned	0.14	0.67
trail	0.14	0.18
nevertheless	0.14	0.35
faculty	0.14	0.36
offered	0.14	0.48
side	0.14	0.18
budget	0.14	0.23
benefit	0.14	0.31
temple	0.14	0.47
reads	0.14	0.44
cutting	0.14	0.24
organic	0.14	0.47
shaking	0.14	0.55
blinked	0.14	0.71
line	0.14	0.11
teaspoon	0.14	0.45
technology	0.14	0.17
onions	0.14	0.44
percent	0.14	0.37
patterns	0.14	0.27
town	0.14	0.66
told	0.14	1.57
lifted	0.14	0.35
covers	0.14	0.26
newspaper	0.14	0.17
months	0.15	0.25
document	0.15	0.22
hard	0.15	0.53
graduate	0.15	0.25
squeezed	0.15	0.23
period	0.15	0.20
edge	0.15	0.17
education	0.15	0.29
vegetable	0.15	0.44
chain	0.15	0.15
chair	0.15	0.30
brow	0.15	0.38
consumers	0.15	0.26
computer	0.15	0.09
double	0.15	0.78
films	0.15	0.24
degrees	0.15	0.20
chronicle	0.15	0.17
minister	0.15	0.53
student	0.15	0.30
pc	0.15	0.12
message	0.15	0.25
feet	0.15	0.22
yours	0.15	0.82
something	0.15	1.09
tower	0.15	0.22
interview	0.15	0.37
displayed	0.15	0.19
brushed	0.15	0.42
estimated	0.15	0.30
cross	0.15	0.11
estate	0.15	0.61
presence	0.15	0.41
drawing	0.15	0.13
files	0.15	0.12
general	0.15	0.19
graduated	0.15	0.23
hooked	0.15	0.25
college	0.15	0.29
school	0.15	0.30
identical	0.16	0.41
shops	0.16	0.41
stack	0.16	0.10
magazine	0.16	0.23
round	0.16	0.59
explains	0.16	0.65
leaned	0.16	0.61
magazines	0.16	0.22
library	0.16	0.20
heights	0.16	0.76
pat	0.16	0.43
map	0.16	0.11
decades	0.16	0.23
instructions	0.16	0.11
book	0.16	0.35
software	0.16	0.13
amounts	0.16	0.25
permission	0.16	0.48
clubs	0.16	0.42
wood	0.16	0.30
records	0.16	0.25
serving	0.16	0.31
pen	0.16	0.10
israel	0.16	0.75
phones	0.16	0.08
practices	0.16	0.28
opposite	0.16	0.19
underground	0.16	0.30
recognition	0.16	0.60
ted	0.16	0.41
speaker	0.16	0.21
empty	0.16	0.43
license	0.16	0.10
media	0.16	0.16
developed	0.16	0.15
earlier	0.16	0.29
come	0.16	0.80
lincoln	0.16	0.38
atop	0.16	0.11
senate	0.16	0.30
individual	0.16	0.22
naked	0.16	0.28
corners	0.16	0.24
later	0.16	0.29
read	0.16	0.29
prince	0.16	0.74
tournament	0.16	0.23
brooklyn	0.16	0.62
behavior	0.16	0.45
lunch	0.17	0.36
rested	0.17	0.26
fat	0.17	0.27
catholic	0.17	0.81
moving	0.17	0.40
trace	0.17	0.43
written	0.17	0.33
reform	0.17	0.25
preserve	0.17	0.56
practice	0.17	0.18
religion	0.17	0.58
muscles	0.17	0.28
pond	0.17	0.33
rent	0.17	0.28
stirring	0.17	0.42
low	0.17	0.45
exercise	0.17	0.17
boot	0.17	0.22
hamilton	0.17	0.55
photos	0.17	0.09
information	0.17	0.19
normal	0.17	0.48
platform	0.17	0.21
member	0.17	0.29
tested	0.17	0.46
next	0.17	0.44
rocky	0.17	0.18
pointed	0.17	0.56
middle	0.17	0.15
scale	0.17	0.31
christian	0.17	0.79
clinton	0.17	0.29
accepted	0.17	0.28
resting	0.17	0.27
passengers	0.17	0.29
weekly	0.17	0.16
books	0.17	0.29
max	0.17	0.58
published	0.17	0.25
reading	0.17	0.32
occasionally	0.17	0.41
started	0.17	0.56
cook	0.17	0.43
accounting	0.17	0.33
pocket	0.17	0.15
sophisticated	0.17	0.67
particular	0.17	0.46
bend	0.17	0.28
gives	0.17	0.42
arrived	0.17	0.66
specific	0.17	0.46
stewart	0.18	0.28
nurse	0.18	0.43
extensive	0.18	0.33
santa	0.18	0.25
customers	0.18	0.32
sheet	0.18	0.33
property	0.18	0.46
radio	0.18	0.10
notebook	0.18	0.07
barn	0.18	0.65
wonder	0.18	0.99
bent	0.18	0.31
masters	0.18	0.28
originally	0.18	0.12
successful	0.18	0.35
remained	0.18	0.71
tool	0.18	0.27
basket	0.18	0.36
within	0.18	0.19
video	0.18	0.13
dining	0.18	0.94
douglas	0.18	0.56
teaching	0.18	0.30
talks	0.18	0.68
entering	0.18	0.16
devices	0.18	0.13
everything	0.18	1.00
institution	0.18	0.20
photographs	0.18	0.11
schedule	0.18	0.22
envelope	0.18	0.09
steep	0.18	0.14
antonio	0.18	0.31
maybe	0.18	1.10
unlike	0.18	0.59
pursue	0.18	0.18
applied	0.18	0.12
pressing	0.18	0.24
telephone	0.18	0.24
blessed	0.18	1.10
gender	0.18	0.37
analysts	0.18	0.43
workout	0.18	0.14
baseball	0.18	0.24
readers	0.18	0.28
online	0.18	0.18
lewis	0.19	0.46
pour	0.19	0.46
suppose	0.19	1.10
hill	0.19	0.26
luke	0.19	0.74
site	0.19	0.13
conservative	0.19	0.41
machines	0.19	0.12
london	0.19	0.29
cut	0.19	0.39
goals	0.19	0.24
stretched	0.19	0.24
buying	0.19	0.21
nose	0.19	0.30
brave	0.19	0.55
camps	0.19	0.40
grave	0.19	0.51
pages	0.19	0.27
crucial	0.19	0.72
gore	0.19	0.32
wrapped	0.19	0.25
combine	0.19	0.46
knees	0.19	0.27
toss	0.19	0.30
nods	0.19	0.60
class	0.19	0.18
phone	0.19	0.26
jesus	0.19	1.01
internet	0.19	0.16
courses	0.19	0.23
eyes	0.19	0.28
chip	0.19	0.19
documents	0.19	0.14
attending	0.19	0.78
hour	0.19	0.30
christians	0.19	0.92
ask	0.19	0.73
copy	0.19	0.18
copies	0.19	0.17
bush	0.19	0.28
stir	0.19	0.45
uses	0.19	0.43
hanging	0.19	0.23
digging	0.19	0.25
degree	0.19	0.17
digital	0.19	0.14
crossed	0.19	0.24
boxes	0.19	0.69
tip	0.20	0.22
britain	0.20	0.56
level	0.20	0.38
begin	0.20	0.32
procedures	0.20	0.18
clearing	0.20	0.35
stone	0.20	0.20
eager	0.20	0.60
received	0.20	0.26
keys	0.20	0.16
natural	0.20	0.67
newly	0.20	0.19
bourne	0.20	0.58
element	0.20	0.28
notes	0.20	0.16
sessions	0.20	0.20
directions	0.20	0.27
stores	0.20	0.23
secrets	0.20	0.46
sang	0.20	1.19
above	0.20	0.16
grill	0.20	0.42
pace	0.20	0.21
belonged	0.20	1.57
creasy	0.20	0.57
amount	0.20	0.27
curriculum	0.20	0.29
appeal	0.20	0.45
fees	0.20	0.34
create	0.20	0.27
text	0.20	0.25
gear	0.20	0.23
understand	0.20	0.64
alan	0.20	0.38
computers	0.20	0.12
substantial	0.20	0.67
enough	0.20	0.68
covered	0.21	0.43
massive	0.21	0.62
grown	0.21	0.63
writing	0.21	0.30
acted	0.21	0.62
jewish	0.21	0.64
pad	0.21	0.09
mount	0.21	0.19
sell	0.21	0.25
louis	0.21	0.37
congressional	0.21	0.29
roll	0.21	0.15
editor	0.21	0.21
weeks	0.21	0.31
presidential	0.21	0.30
medium	0.21	0.44
climb	0.21	0.17
movies	0.21	0.22
scientist	0.21	0.30
tools	0.21	0.14
send	0.21	0.37
philosophy	0.21	0.15
nearest	0.21	0.33
seventeen	0.21	0.24
spent	0.21	0.38
delivery	0.21	0.26
serve	0.21	0.35
math	0.21	0.22
nfl	0.21	0.16
goods	0.21	0.16
bill	0.21	0.21
gravel	0.21	0.37
speak	0.21	0.41
million	0.21	0.26
sample	0.21	0.28
sunset	0.21	0.38
teenager	0.21	0.50
steering	0.21	0.17
vincent	0.21	0.63
lou	0.21	0.53
leaving	0.22	0.76
requirements	0.22	0.20
ties	0.22	0.72
directed	0.22	0.20
creek	0.22	0.26
until	0.22	0.43
lip	0.22	0.34
pool	0.22	0.33
teacher	0.22	0.31
checks	0.22	0.23
electronic	0.22	0.15
wrote	0.22	0.31
add	0.22	0.41
taking	0.22	0.62
gym	0.22	0.16
marked	0.22	0.17
master	0.22	0.23
display	0.22	0.20
eighteen	0.22	0.24
position	0.22	0.63
paris	0.22	0.30
entry	0.22	0.10
obvious	0.22	0.46
visual	0.22	0.24
carved	0.22	0.29
vegas	0.22	0.23
chairman	0.22	0.26
edges	0.22	0.33
globe	0.22	0.49
forward	0.22	0.25
raising	0.22	0.30
permanent	0.22	0.68
specifically	0.22	0.26
valuable	0.22	0.75
liberal	0.22	0.42
canvas	0.22	0.24
joined	0.22	0.64
established	0.22	0.20
asking	0.22	0.70
votes	0.22	0.33
mountain	0.22	0.21
wallet	0.23	0.08
informed	0.23	0.86
ride	0.23	0.23
communications	0.23	0.16
checking	0.23	0.22
fans	0.23	0.21
poem	0.23	0.30
drain	0.23	0.50
tablespoon	0.23	0.42
motor	0.23	0.44
quarters	0.23	0.88
throwing	0.23	0.38
store	0.23	0.23
rest	0.23	0.54
gain	0.23	0.24
craft	0.23	0.19
support	0.23	0.26
mail	0.23	0.15
closest	0.23	0.96
iron	0.23	0.26
tapped	0.23	0.22
marble	0.23	0.25
shed	0.23	0.30
climbing	0.23	0.09
odds	0.23	0.49
insurance	0.23	0.36
rights	0.23	0.55
native	0.23	0.75
classes	0.23	0.21
prepare	0.23	0.21
starting	0.23	0.34
rate	0.23	0.28
sets	0.23	0.22
considerable	0.23	0.72
menu	0.23	0.28
entertainment	0.23	0.19
mobile	0.23	0.13
senator	0.23	0.29
letter	0.23	0.23
stem	0.23	0.50
whatever	0.23	1.16
ingredients	0.23	0.40
reagan	0.23	0.27
discipline	0.23	0.66
generations	0.23	1.12
classroom	0.23	0.30
regardless	0.23	0.33
fall	0.23	0.27
hung	0.24	0.25
tables	0.24	0.39
purchased	0.24	0.24
expression	0.24	0.43
log	0.24	0.32
higher	0.24	0.65
dollars	0.24	0.22
principles	0.24	0.33
turning	0.24	0.30
joe	0.24	0.50
spoke	0.24	0.77
write	0.24	0.24
meal	0.24	0.34
morris	0.24	0.22
dead	0.24	0.84
story	0.24	0.46
heels	0.24	0.30
significant	0.24	0.46
measured	0.24	0.49
charlie	0.24	0.67
principle	0.24	0.36
kerry	0.24	0.30
preparing	0.24	0.36
since	0.24	0.20
learning	0.24	0.19
rear	0.24	0.20
bottom	0.24	0.22
service	0.24	0.18
purchase	0.24	0.25
layers	0.24	0.35
pine	0.24	0.37
structures	0.24	0.24
square	0.24	0.20
wireless	0.24	0.16
principal	0.24	0.23
host	0.24	0.21
fundamental	0.24	0.43
literature	0.24	0.22
expert	0.24	0.17
hours	0.24	0.41
set	0.24	0.26
believe	0.25	0.71
released	0.25	0.21
wallace	0.25	0.29
restaurant	0.25	0.30
avenue	0.25	0.30
root	0.25	0.84
roots	0.25	0.40
leonard	0.25	0.66
political	0.25	0.34
leaning	0.25	0.33
featured	0.25	0.16
experience	0.25	0.37
literary	0.25	0.34
printed	0.25	0.14
stones	0.25	0.28
associate	0.25	0.27
fee	0.25	0.25
pockets	0.25	0.20
hired	0.25	0.44
participation	0.25	0.26
phil	0.25	0.43
liquid	0.25	0.64
method	0.25	0.22
below	0.25	0.20
thighs	0.25	0.28
engage	0.25	0.44
met	0.25	1.25
nails	0.25	0.29
elbow	0.25	0.64
chief	0.25	0.28
operating	0.25	0.13
reed	0.25	0.66
pleased	0.25	1.76
paid	0.25	0.30
writers	0.25	0.33
networks	0.25	0.18
nations	0.25	0.67
elected	0.25	0.34
pole	0.25	0.20
factory	0.25	0.38
remaining	0.26	0.44
roles	0.26	0.23
microsoft	0.26	0.16
dean	0.26	0.25
baker	0.26	0.26
laughed	0.26	0.65
union	0.26	0.52
shopping	0.26	0.29
bound	0.26	0.24
toes	0.26	0.32
forehead	0.26	0.39
fitness	0.26	0.15
entirely	0.26	0.50
tongue	0.26	0.44
candidate	0.26	0.39
beach	0.26	0.31
village	0.26	0.54
calls	0.26	0.61
letters	0.26	0.21
legs	0.26	0.27
jonathan	0.26	0.48
rick	0.26	0.50
leaves	0.26	0.67
foot	0.26	0.32
sites	0.26	0.19
statement	0.26	0.24
election	0.26	0.34
retired	0.26	0.37
preparation	0.26	0.17
chance	0.26	0.66
wooden	0.26	0.23
pressed	0.27	0.22
filling	0.27	0.55
keeping	0.27	0.53
paying	0.27	0.32
founded	0.27	0.25
canyon	0.27	0.30
ice	0.27	0.51
league	0.27	0.27
flashed	0.27	0.30
sport	0.27	0.21
knows	0.27	1.25
loose	0.27	0.29
upper	0.27	0.23
danny	0.27	0.50
kevin	0.27	0.49
man	0.27	0.69
jobs	0.27	0.52
vote	0.27	0.34
someday	0.27	0.62
answered	0.27	0.54
annual	0.27	0.97
maintained	0.27	0.40
running	0.27	0.49
assembly	0.27	0.30
truth	0.27	0.61
maximum	0.27	0.47
impossible	0.27	0.61
lifting	0.27	0.15
howard	0.27	0.35
explore	0.27	0.33
shining	0.27	0.34
executive	0.28	0.24
supposed	0.28	0.86
rates	0.28	0.36
writes	0.28	0.52
lap	0.28	0.18
recently	0.28	0.42
client	0.28	0.36
ultimate	0.28	0.59
head	0.28	0.26
stretch	0.28	0.22
soil	0.28	0.52
meaning	0.28	0.29
really	0.28	1.09
belief	0.28	0.57
don	0.28	0.51
starks	0.28	0.52
raised	0.28	0.38
worth	0.28	0.19
sigh	0.28	0.49
director	0.28	0.28
greek	0.28	0.36
layer	0.28	0.34
veteran	0.28	0.26
stadium	0.28	0.24
subtle	0.28	1.06
kennedy	0.28	0.28
lessons	0.28	0.20
pay	0.28	0.33
tender	0.28	0.51
days	0.28	0.46
poetry	0.28	0.31
owned	0.28	0.63
results	0.28	0.52
president	0.28	0.29
meanwhile	0.29	0.40
gates	0.29	0.15
franklin	0.29	0.50
call	0.29	0.61
competition	0.29	0.16
aside	0.29	0.37
rubbed	0.29	0.30
recalls	0.29	0.73
showing	0.29	0.32
real	0.29	1.77
teachers	0.29	0.44
importance	0.29	0.38
sunlight	0.29	0.53
arms	0.29	0.27
fingers	0.29	0.32
republicans	0.29	0.38
original	0.29	0.81
start	0.29	0.57
nba	0.29	0.22
keeps	0.29	0.58
democrats	0.29	0.38
athletes	0.29	0.28
firmly	0.29	0.26
seek	0.29	0.38
sides	0.29	0.27
access	0.29	0.64
draft	0.29	0.20
star	0.29	0.19
technique	0.30	0.21
tape	0.30	0.17
club	0.30	0.36
nick	0.30	0.50
precise	0.30	0.71
year	0.30	0.22
teenagers	0.30	0.94
fill	0.30	0.40
cotton	0.30	0.45
championship	0.30	0.18
powder	0.30	0.46
church	0.30	0.90
minutes	0.30	0.41
chin	0.30	0.29
today	0.30	0.72
likely	0.30	0.52
field	0.30	0.20
towers	0.30	0.27
saint	0.30	0.81
rack	0.30	0.36
knee	0.30	0.65
camp	0.30	0.25
photo	0.30	0.12
upright	0.30	0.44
shoulders	0.30	0.28
win	0.30	0.18
movie	0.30	0.24
gap	0.30	0.14
oak	0.30	0.36
coach	0.30	0.21
attached	0.30	0.22
founder	0.30	0.40
students	0.30	0.42
jacob	0.30	0.64
expect	0.30	0.63
author	0.30	0.41
leg	0.30	0.35
ed	0.30	0.47
hips	0.30	0.28
farm	0.30	0.64
writer	0.30	0.29
missing	0.30	0.39
content	0.30	0.36
seasons	0.31	0.19
strategies	0.31	0.14
teens	0.31	0.97
metal	0.31	0.30
appointment	0.31	0.31
republican	0.31	0.39
simultaneously	0.31	0.33
dish	0.31	0.39
film	0.31	0.23
andy	0.31	0.48
ready	0.31	0.67
planned	0.31	0.46
tale	0.31	0.94
finish	0.31	0.16
phrase	0.31	0.36
setting	0.31	0.58
sale	0.31	0.25
repeat	0.31	0.28
users	0.31	0.13
eric	0.31	0.47
chris	0.31	0.49
category	0.31	0.72
detailed	0.31	0.17
opportunity	0.31	0.53
travel	0.31	0.16
advertising	0.31	0.22
lifestyle	0.31	0.43
speech	0.31	0.19
hidden	0.31	0.34
future	0.31	0.56
adult	0.31	0.93
coverage	0.31	0.14
looking	0.31	0.65
brian	0.31	0.49
chips	0.32	0.25
modern	0.32	0.24
responses	0.32	0.55
across	0.32	0.26
excuse	0.32	0.71
audience	0.32	0.16
companies	0.32	0.40
francis	0.32	0.50
ticket	0.32	0.10
cover	0.32	0.45
oven	0.32	0.39
release	0.32	0.25
narrow	0.32	0.21
vice	0.32	0.28
larry	0.32	0.45
daniel	0.32	0.52
walter	0.32	0.43
shorter	0.32	0.77
orange	0.32	0.65
drama	0.32	0.33
elements	0.32	0.23
nature	0.32	0.53
greatest	0.32	0.80
barry	0.32	0.42
methods	0.32	0.17
surprise	0.32	0.76
harry	0.32	0.36
conduct	0.32	0.57
cents	0.32	0.27
prices	0.32	0.34
nathan	0.32	0.42
stuffed	0.32	0.50
names	0.32	0.55
monthly	0.32	0.26
nodded	0.32	0.75
pro	0.32	0.19
crowd	0.32	0.35
clark	0.33	0.33
rope	0.33	0.23
cap	0.33	0.33
brass	0.33	0.31
owns	0.33	0.44
bought	0.33	0.45
winning	0.33	0.19
avner	0.33	0.42
recipe	0.33	0.36
significantly	0.33	0.70
list	0.33	0.41
selling	0.33	0.27
quarter	0.33	0.21
olympic	0.33	0.18
sales	0.33	0.31
papers	0.33	0.12
success	0.33	0.32
recorded	0.33	0.43
net	0.33	0.27
corporate	0.33	0.34
craig	0.33	0.52
senior	0.33	0.41
coat	0.33	0.36
wright	0.33	0.19
team	0.33	0.21
huge	0.33	0.72
exotic	0.33	0.92
belt	0.33	0.26
wrist	0.33	0.29
dollar	0.33	0.28
abortion	0.34	0.58
tennis	0.34	0.30
g	0.34	0.20
games	0.34	0.21
technologies	0.34	0.39
why	0.34	1.10
hand	0.34	0.26
grand	0.34	0.29
meals	0.34	0.34
tied	0.34	0.25
basic	0.34	0.37
models	0.34	0.24
saving	0.34	0.28
ceo	0.34	0.31
reveal	0.34	0.30
mary	0.34	1.13
sold	0.34	0.30
definitely	0.34	1.17
babies	0.34	1.06
beliefs	0.34	0.63
wrap	0.35	0.43
devoted	0.35	0.35
costs	0.35	0.32
tim	0.35	0.47
davis	0.35	0.38
walker	0.35	0.36
portion	0.35	0.25
aluminum	0.35	0.33
smiled	0.35	0.73
presents	0.35	0.49
temperature	0.35	0.92
wishes	0.35	0.82
bills	0.35	0.28
pan	0.35	0.41
raymond	0.35	0.40
jim	0.35	0.43
adams	0.35	0.41
intellectual	0.35	0.37
going	0.35	0.97
marketing	0.35	0.21
smith	0.35	0.46
steve	0.35	0.47
title	0.35	0.18
neck	0.35	0.30
measures	0.35	0.49
whereas	0.35	0.50
convention	0.35	0.37
lined	0.35	0.34
dutch	0.35	0.30
carrying	0.35	0.46
course	0.35	0.89
transfer	0.35	0.43
loaded	0.35	0.52
preferred	0.35	1.37
ends	0.35	0.36
karen	0.35	0.51
shook	0.35	0.73
christopher	0.35	0.48
swing	0.36	0.35
turner	0.36	0.27
whispered	0.36	0.52
control	0.36	0.32
market	0.36	0.42
choose	0.36	0.57
maria	0.36	0.46
shoulder	0.36	0.32
privacy	0.36	0.55
points	0.36	0.24
contents	0.36	0.47
flour	0.36	0.40
broad	0.36	0.55
think	0.36	1.11
marco	0.36	0.51
season	0.36	0.13
campaign	0.36	0.32
thomas	0.36	0.47
teams	0.36	0.26
careful	0.36	0.39
cliff	0.36	0.25
beneath	0.36	0.35
wire	0.36	0.24
democracy	0.36	0.42
remove	0.36	0.44
mommy	0.36	0.79
palace	0.36	0.46
grade	0.36	0.28
revenue	0.36	0.34
amid	0.37	0.60
mike	0.37	0.44
candidates	0.37	0.35
portrait	0.37	0.12
positive	0.37	0.42
face	0.37	0.30
josh	0.37	0.61
player	0.37	0.26
hugh	0.37	0.61
tax	0.37	0.30
measure	0.37	0.49
arm	0.37	0.29
coaches	0.37	0.23
baking	0.37	0.36
males	0.37	0.48
democratic	0.37	0.37
players	0.37	0.29
taxes	0.37	0.34
page	0.37	0.16
common	0.37	0.38
business	0.37	0.31
grass	0.37	0.62
engaged	0.37	0.36
card	0.37	0.10
dough	0.37	0.35
doug	0.37	0.43
ron	0.37	0.43
replied	0.37	0.60
thumb	0.37	0.29
limbs	0.37	0.37
kidding	0.37	1.12
johnson	0.38	0.39
game	0.38	0.22
anthony	0.38	0.46
affiliation	0.38	0.49
vast	0.38	0.42
martin	0.38	0.44
manager	0.38	0.31
painted	0.38	0.30
equal	0.38	0.61
photograph	0.38	0.17
jeff	0.38	0.44
sugar	0.38	0.42
jerry	0.38	0.47
arrive	0.38	0.39
official	0.38	0.54
scott	0.38	0.44
hat	0.38	0.37
spending	0.38	0.27
packed	0.38	0.52
totally	0.38	0.59
views	0.38	0.32
typical	0.38	0.42
los	0.38	0.51
dave	0.39	0.43
picture	0.39	0.30
second	0.39	0.20
mark	0.39	0.45
buried	0.39	0.34
instruments	0.39	0.34
stephen	0.39	0.57
frank	0.39	0.41
swift	0.39	0.64
weather	0.39	1.35
stiff	0.39	0.73
rusty	0.39	0.65
fence	0.39	0.34
capacity	0.39	0.48
money	0.39	0.69
markets	0.39	0.47
novel	0.39	0.58
bowl	0.39	0.38
items	0.39	0.13
creating	0.39	0.45
present	0.39	0.61
tickets	0.39	0.19
putting	0.39	0.53
alongside	0.39	0.30
divided	0.39	0.18
butter	0.39	0.42
bake	0.39	0.39
sports	0.40	0.32
bold	0.40	0.51
cake	0.40	0.45
surrounded	0.40	0.59
matt	0.40	0.43
rows	0.40	0.36
paul	0.40	0.45
females	0.40	0.46
collar	0.40	0.33
main	0.40	0.41
tell	0.40	0.86
work	0.40	0.91
place	0.40	0.81
managing	0.40	0.26
rubber	0.40	0.23
waved	0.40	0.69
performing	0.40	0.53
allen	0.40	0.40
cape	0.40	0.24
dan	0.40	0.43
say	0.40	1.01
wisdom	0.40	1.03
employee	0.40	0.41
wait	0.40	0.71
option	0.40	0.23
relatives	0.40	1.23
meeting	0.40	0.42
listen	0.40	0.66
highest	0.40	0.57
average	0.40	0.62
benefits	0.41	0.24
richard	0.41	0.51
shop	0.41	0.24
skip	0.41	0.57
gary	0.41	0.47
imagination	0.41	0.58
company	0.41	0.38
self	0.41	0.57
sole	0.41	0.40
wins	0.41	0.23
register	0.41	0.31
inch	0.41	0.30
brand	0.41	0.21
leave	0.41	0.40
spoon	0.41	0.43
century	0.41	0.21
credit	0.41	0.37
humor	0.41	0.62
german	0.41	0.54
finger	0.41	0.30
jaw	0.41	0.32
advice	0.41	0.39
football	0.41	0.22
item	0.41	0.36
hip	0.41	0.62
graham	0.41	0.44
touched	0.41	0.26
tomorrow	0.42	0.56
language	0.42	0.46
robert	0.42	0.49
values	0.42	0.58
priest	0.42	0.84
beginning	0.42	0.25
lee	0.42	0.39
analyst	0.42	0.31
assured	0.42	0.95
albert	0.42	0.69
finding	0.42	0.37
income	0.42	0.33
model	0.42	0.20
test	0.42	0.54
lose	0.42	0.38
end	0.42	0.20
pulse	0.42	0.46
tests	0.42	0.56
gloves	0.42	0.34
david	0.42	0.47
boys	0.42	0.82
springs	0.42	0.27
palm	0.42	0.29
note	0.42	0.17
doc	0.42	0.38
todd	0.42	0.61
billion	0.42	0.40
john	0.43	0.47
ken	0.43	0.40
heather	0.43	0.54
architect	0.43	0.14
expressed	0.43	0.85
comparison	0.43	0.60
era	0.43	0.46
final	0.43	0.15
words	0.43	0.45
guide	0.43	0.14
academic	0.43	0.48
strength	0.43	0.60
royal	0.43	0.47
role	0.43	0.39
michael	0.43	0.53
resolution	0.43	0.58
settlement	0.44	0.55
here	0.44	1.18
spiritual	0.44	0.89
george	0.44	0.38
carter	0.44	0.74
dr	0.44	0.45
gained	0.44	0.25
properly	0.44	0.67
key	0.44	0.58
cost	0.44	0.50
financial	0.44	0.58
extra	0.44	0.42
jean	0.44	0.73
soccer	0.44	0.33
visit	0.44	0.47
james	0.44	0.48
false	0.44	0.54
producer	0.44	0.22
colors	0.44	0.42
acquired	0.45	0.44
former	0.45	0.42
pointing	0.45	0.46
fortune	0.45	0.53
charles	0.45	0.46
green	0.45	0.54
grin	0.45	0.43
ranks	0.45	0.35
roberts	0.45	0.42
primary	0.45	0.41
slip	0.45	0.27
beating	0.45	0.50
lived	0.45	1.51
invited	0.45	0.90
forget	0.45	0.87
basketball	0.45	0.32
believed	0.45	1.32
adopted	0.45	0.67
occasion	0.45	0.82
peter	0.45	0.56
faith	0.45	0.95
play	0.45	0.25
dates	0.45	0.25
personality	0.45	0.46
latin	0.46	0.51
structure	0.46	0.25
spanish	0.46	0.52
aspect	0.46	0.39
edward	0.46	0.64
tony	0.46	0.31
express	0.46	0.89
greater	0.46	0.55
boots	0.46	0.35
anyway	0.46	1.10
iii	0.46	0.62
isabel	0.46	0.70
fantasy	0.46	0.76
paintings	0.46	0.19
always	0.46	1.05
william	0.46	0.48
cameron	0.46	0.32
squeeze	0.46	0.34
maintain	0.46	0.47
boss	0.46	0.73
miller	0.46	0.42
description	0.46	0.32
heavy	0.47	0.54
volunteers	0.47	0.48
normally	0.47	0.35
grant	0.47	0.20
leather	0.47	0.33
roger	0.47	0.53
gallery	0.47	0.21
fabric	0.47	0.38
clerk	0.47	0.16
sexual	0.47	0.63
assessment	0.47	0.42
uniform	0.47	0.37
jacket	0.47	0.34
jeremy	0.47	0.72
management	0.47	0.35
length	0.47	0.45
dick	0.47	0.31
necessary	0.48	0.51
clients	0.48	0.28
heads	0.48	0.30
correct	0.48	0.54
clothing	0.48	0.24
free	0.48	0.36
third	0.48	0.23
wool	0.48	0.39
responsibility	0.48	0.47
exhibition	0.48	0.20
murmured	0.48	0.66
jones	0.48	0.34
children	0.48	1.13
russell	0.48	0.45
greg	0.48	0.47
straight	0.48	0.32
approval	0.48	0.38
du	0.48	0.69
shoes	0.48	0.36
forth	0.49	0.38
paradise	0.49	1.04
employees	0.49	0.40
sticks	0.49	0.38
painting	0.49	0.20
furniture	0.49	0.25
colleagues	0.49	0.84
character	0.49	0.30
resort	0.49	0.37
arthur	0.49	0.58
thick	0.49	0.62
lord	0.49	0.94
paint	0.49	0.36
tap	0.49	0.45
historic	0.49	0.56
telling	0.49	1.26
day	0.49	0.60
grinned	0.50	0.64
peers	0.50	0.36
rachel	0.50	0.50
red	0.50	0.52
saying	0.50	0.95
ben	0.50	0.85
super	0.50	0.46
breasts	0.50	0.41
late	0.50	0.55
singing	0.50	0.64
serves	0.50	0.37
roy	0.50	0.56
heritage	0.50	0.51
critical	0.50	0.54
toy	0.50	0.50
andrew	0.50	0.55
relative	0.50	0.58
chef	0.51	0.24
terry	0.51	0.42
confidence	0.51	0.70
earnings	0.51	0.42
contest	0.51	0.49
offer	0.51	0.47
customer	0.51	0.31
return	0.51	0.32
managers	0.51	0.58
plant	0.51	0.77
shirt	0.51	0.38
bones	0.52	0.60
left	0.52	0.53
scheduled	0.52	0.43
pants	0.52	0.38
compared	0.52	0.51
chill	0.52	1.06
trips	0.52	0.38
rebecca	0.52	0.84
demonstrated	0.52	0.42
interest	0.52	0.73
forgive	0.52	0.38
cheeks	0.52	0.40
last	0.52	0.48
bore	0.52	0.58
plants	0.52	1.01
label	0.52	0.27
finished	0.52	0.16
yellow	0.52	0.51
offering	0.52	0.36
weight	0.52	0.40
jack	0.53	0.62
tie	0.53	0.33
mothers	0.53	1.11
foundation	0.53	0.54
sweater	0.53	0.39
ellen	0.53	0.77
achieve	0.53	0.30
performed	0.53	0.34
pause	0.53	0.98
chase	0.53	1.04
charity	0.53	0.42
alex	0.53	0.47
genius	0.53	0.58
package	0.53	0.22
x	0.53	0.25
shape	0.53	0.64
stanley	0.53	0.53
won	0.53	0.29
acres	0.53	0.68
alfred	0.53	0.48
english	0.53	0.52
fast	0.53	0.43
debt	0.53	0.51
speaks	0.53	0.51
colored	0.53	0.49
profits	0.53	0.46
core	0.54	0.30
candy	0.54	0.43
q	0.54	0.32
mrs	0.54	0.41
truman	0.54	0.32
perry	0.54	0.32
seed	0.54	0.71
t	0.54	0.32
check	0.54	0.47
o	0.54	0.32
factor	0.54	0.44
tradition	0.54	0.46
steven	0.54	0.47
jason	0.54	0.53
bright	0.54	0.50
backward	0.54	0.44
flag	0.54	0.40
shorts	0.54	0.39
minimum	0.54	0.62
shiny	0.55	0.47
join	0.55	0.42
warren	0.55	0.43
played	0.55	0.39
surprising	0.55	0.97
finance	0.55	0.55
month	0.55	0.53
quick	0.55	0.38
establish	0.55	0.33
simon	0.55	0.64
strangers	0.55	0.59
shirts	0.55	0.37
jordan	0.56	0.53
personal	0.56	0.29
spend	0.56	0.33
ada	0.56	0.50
infant	0.56	1.00
percentage	0.56	0.76
week	0.56	0.54
heel	0.56	0.62
venture	0.56	0.50
absolutely	0.57	0.91
inches	0.57	0.26
ensure	0.57	0.49
cherry	0.57	0.71
firms	0.57	0.54
worn	0.57	0.39
un	0.57	0.67
noon	0.57	0.54
artist	0.57	0.13
cash	0.57	0.45
k	0.57	0.34
r	0.57	0.34
p	0.57	0.34
d	0.57	0.34
c	0.57	0.34
egg	0.57	0.55
h	0.57	0.34
joseph	0.57	0.68
e	0.57	0.34
b	0.57	0.34
u	0.57	0.34
w	0.57	0.34
n	0.57	0.34
l	0.57	0.34
pair	0.57	0.40
f	0.57	0.34
m	0.57	0.34
v	0.57	0.34
s	0.57	0.34
motion	0.57	0.38
suit	0.57	0.38
profit	0.57	0.48
del	0.58	0.64
parker	0.58	0.51
kelly	0.58	0.42
silver	0.58	0.38
contemporary	0.58	0.21
jeans	0.58	0.41
williams	0.58	0.42
function	0.58	0.40
matthew	0.58	0.54
cards	0.58	0.14
theater	0.58	0.23
enormous	0.58	0.67
baby	0.58	1.03
product	0.58	0.59
jackson	0.58	0.62
assistant	0.58	0.31
el	0.58	0.62
theatre	0.58	0.24
la	0.59	0.60
legal	0.59	0.55
possible	0.59	0.57
nancy	0.59	0.31
progress	0.59	0.55
fred	0.59	0.48
possessed	0.59	0.90
apples	0.59	0.75
smiles	0.59	0.56
jackie	0.59	0.49
lips	0.59	0.42
activity	0.59	0.55
pie	0.59	0.71
active	0.59	0.33
scored	0.60	0.59
relatively	0.60	0.46
wears	0.60	0.41
special	0.60	0.51
wide	0.60	0.47
french	0.60	0.53
promises	0.60	0.57
savings	0.60	0.43
formed	0.60	0.26
hopes	0.60	0.67
women	0.60	0.78
profession	0.60	0.30
sam	0.60	0.69
banks	0.60	0.62
earn	0.60	0.54
kids	0.60	0.90
agent	0.60	0.48
hey	0.61	1.00
sensitive	0.61	0.69
ages	0.61	0.77
please	0.61	0.63
reader	0.61	0.43
gathering	0.61	0.59
ad	0.61	0.35
inspired	0.61	0.64
academy	0.61	0.19
yeah	0.61	1.11
touch	0.61	0.49
prize	0.61	0.23
apart	0.61	0.38
awareness	0.61	0.57
surface	0.61	0.57
artists	0.61	0.20
blend	0.61	0.61
tiny	0.62	0.57
guys	0.62	1.00
practical	0.62	0.45
wear	0.62	0.39
broadway	0.62	0.29
taylor	0.62	0.41
loan	0.62	0.57
grounds	0.62	0.65
fellow	0.63	0.58
playing	0.63	0.41
eyebrows	0.63	0.34
fruit	0.63	0.83
contact	0.63	0.42
jr	0.63	0.46
teenage	0.63	0.97
mall	0.63	0.56
standard	0.63	0.39
attended	0.63	0.50
family	0.63	1.23
evening	0.63	0.61
childhood	0.63	0.89
crown	0.63	0.35
friday	0.63	0.65
bow	0.63	0.53
king	0.64	0.66
abby	0.64	1.08
henry	0.64	0.61
y	0.64	0.46
linda	0.64	0.55
inner	0.64	0.60
tom	0.64	0.72
promise	0.64	0.65
designs	0.64	0.25
poet	0.64	0.42
material	0.64	0.36
wearing	0.64	0.42
owner	0.64	0.55
account	0.64	0.38
lost	0.64	1.24
wives	0.64	1.06
framed	0.64	0.31
split	0.64	0.40
jennifer	0.64	0.59
las	0.65	0.62
achievement	0.65	0.41
morgan	0.65	0.29
skirt	0.65	0.40
apple	0.65	0.68
seeds	0.65	0.74
creative	0.65	0.68
yesterday	0.65	0.44
heat	0.65	0.92
de	0.65	0.60
chocolate	0.65	0.66
salary	0.65	0.74
comedy	0.65	0.50
recording	0.65	0.51
plays	0.66	0.32
wore	0.66	0.43
bass	0.66	0.60
tuesday	0.66	0.58
version	0.66	0.42
thompson	0.66	0.96
tight	0.66	0.37
neatly	0.66	0.38
essential	0.66	0.48
saturday	0.67	0.64
dana	0.67	0.45
generation	0.67	0.60
january	0.67	0.64
black	0.67	0.47
julia	0.67	1.09
independence	0.67	0.64
having	0.67	0.51
beat	0.68	1.10
fancy	0.68	0.53
le	0.68	0.57
dark	0.68	0.51
parents	0.68	1.27
standards	0.68	0.59
monday	0.68	0.63
string	0.68	0.39
defined	0.68	0.47
september	0.68	0.64
ring	0.68	0.36
latest	0.68	0.40
tightly	0.68	0.45
relax	0.68	0.54
partners	0.68	0.47
november	0.69	0.64
bank	0.69	0.61
thursday	0.69	0.60
mean	0.69	1.17
polished	0.69	0.51
instrument	0.69	0.52
morning	0.69	0.88
gold	0.69	0.42
record	0.69	0.43
connections	0.69	0.39
firm	0.69	0.52
ended	0.69	0.39
hands	0.69	0.41
december	0.69	0.65
whose	0.69	0.78
lisa	0.69	0.48
parent	0.69	0.72
private	0.69	0.62
sake	0.69	0.61
choosing	0.69	0.59
female	0.70	0.54
vital	0.70	0.54
communication	0.70	0.47
experiences	0.70	0.59
taller	0.70	0.57
around	0.70	0.43
colorful	0.71	0.74
october	0.71	0.65
february	0.71	0.64
top	0.71	0.61
jenny	0.71	0.99
pursuit	0.71	0.47
cheek	0.71	0.45
goal	0.71	0.39
price	0.71	0.56
ratings	0.72	0.81
beds	0.72	0.51
michelle	0.72	0.47
designer	0.72	0.19
died	0.72	1.08
accept	0.72	0.51
gay	0.72	0.46
cookies	0.72	0.57
name	0.72	0.58
pregnancy	0.72	0.68
brings	0.72	0.27
girls	0.72	0.78
cody	0.72	1.01
jewelry	0.72	0.28
works	0.73	0.62
pride	0.73	0.91
leaf	0.73	0.76
separated	0.73	0.65
april	0.74	0.65
sandy	0.74	0.47
accounts	0.74	0.61
named	0.74	1.03
lawn	0.74	0.71
adam	0.74	0.91
march	0.74	0.65
susan	0.74	0.65
shortly	0.74	0.36
harcourt	0.75	1.06
celebrity	0.75	0.37
uh	0.75	0.99
june	0.75	0.66
saved	0.75	0.99
home	0.75	0.80
diane	0.75	0.61
hello	0.75	0.65
herself	0.75	0.73
prescott	0.75	1.07
kadidi	0.75	0.37
talent	0.76	0.49
smile	0.76	0.64
daddy	0.76	0.85
achieved	0.76	0.44
roosevelt	0.76	0.50
depth	0.76	0.46
blue	0.76	0.52
gather	0.76	0.57
arranged	0.76	0.38
sheer	0.76	0.78
decent	0.76	1.53
en	0.76	0.60
sunday	0.76	0.48
touching	0.76	0.44
reply	0.76	0.53
improved	0.77	1.44
helen	0.77	0.93
outdoor	0.77	0.32
meet	0.77	0.51
figure	0.77	0.59
winter	0.77	1.25
shall	0.77	0.33
mixture	0.77	0.65
fork	0.77	0.59
rhythm	0.77	0.60
silk	0.77	0.49
skin	0.77	0.53
que	0.78	0.57
patrick	0.78	0.66
revealing	0.78	0.43
rock	0.78	0.65
scores	0.78	0.82
concrete	0.78	0.46
grove	0.79	0.45
trees	0.79	0.78
dress	0.79	0.47
child	0.79	1.12
long	0.79	0.46
male	0.79	0.51
freedom	0.79	0.83
twins	0.80	1.12
life	0.80	0.40
men	0.80	0.57
close	0.80	0.46
design	0.80	0.31
lightly	0.80	0.44
cream	0.80	0.60
extended	0.80	0.30
concert	0.81	0.52
hers	0.81	0.41
barbara	0.81	0.48
august	0.81	0.64
simple	0.81	0.48
sarah	0.81	1.02
tree	0.81	0.52
award	0.81	0.47
castle	0.82	0.51
madeleine	0.82	0.51
bringing	0.82	0.34
speed	0.82	0.44
retirement	0.82	0.55
ah	0.82	0.70
truly	0.82	0.49
between	0.82	0.61
career	0.83	0.32
white	0.83	0.54
collection	0.83	0.46
gesture	0.83	0.59
actor	0.83	0.43
steel	0.83	0.42
winner	0.83	0.52
sex	0.83	0.58
toys	0.83	0.37
conversations	0.83	0.39
trading	0.83	0.70
cemetery	0.83	0.53
yard	0.83	0.61
alice	0.83	0.55
backyard	0.84	0.58
july	0.84	0.61
useful	0.84	0.63
dancing	0.84	0.60
agnes	0.84	0.38
megan	0.84	0.67
pm	0.84	0.42
laura	0.84	0.52
fame	0.84	0.50
delight	0.84	0.65
moments	0.84	0.68
gray	0.84	0.51
wednesday	0.84	0.54
genuine	0.85	0.67
oscar	0.85	0.53
pale	0.85	0.53
afternoon	0.85	1.04
huh	0.85	1.09
accurate	0.85	0.40
early	0.85	0.84
planted	0.85	0.94
hearts	0.86	1.66
age	0.86	0.86
chart	0.86	0.55
pleasure	0.86	0.91
slight	0.86	0.76
cd	0.86	0.67
grip	0.86	0.51
purple	0.86	0.76
agreement	0.86	0.79
fair	0.86	1.56
chairs	0.87	0.67
amy	0.87	0.62
effective	0.87	0.48
dad	0.87	1.13
alternative	0.87	0.27
pure	0.87	0.80
awards	0.88	0.43
stage	0.88	0.44
tips	0.88	0.53
visitors	0.88	0.46
attend	0.89	0.45
maggie	0.89	0.69
rose	0.89	0.59
golden	0.89	0.51
beard	0.89	0.50
tune	0.89	0.81
liberty	0.89	0.74
song	0.89	0.89
piano	0.90	0.78
caroline	0.90	0.62
album	0.90	0.85
capital	0.90	0.78
enthusiasm	0.90	0.80
score	0.90	0.82
opera	0.90	0.50
sally	0.90	0.53
pop	0.91	0.71
folk	0.91	0.46
tone	0.91	0.87
dinner	0.91	0.54
guess	0.91	1.12
soul	0.91	1.67
suits	0.91	0.52
seats	0.91	0.67
julie	0.91	0.61
index	0.91	0.56
hollywood	0.92	0.37
exchange	0.92	0.62
art	0.92	0.45
queen	0.92	0.83
mansion	0.92	0.73
yes	0.92	0.86
peak	0.92	0.46
promising	0.92	0.54
blues	0.93	0.78
son	0.93	1.17
evelyn	0.93	1.04
claire	0.93	0.62
slow	0.93	0.53
sorry	0.93	0.99
own	0.93	0.48
shares	0.93	0.75
songs	0.93	0.87
relations	0.93	0.81
memorial	0.93	0.49
height	0.93	0.50
plates	0.93	0.61
brother	0.93	1.18
unique	0.93	0.99
garden	0.93	0.97
duke	0.94	0.53
dance	0.94	0.63
museum	0.94	0.44
band	0.94	0.80
hair	0.94	0.51
ski	0.94	0.46
soft	0.94	1.02
ok	0.94	0.98
divorce	0.95	0.89
born	0.95	1.07
music	0.95	0.75
wealth	0.95	0.32
musicians	0.95	0.57
older	0.95	0.88
fairly	0.95	0.45
god	0.95	1.49
thin	0.95	0.53
mozart	0.95	0.36
diamond	0.95	0.50
consistent	0.96	0.40
kissed	0.96	0.47
conversation	0.96	0.74
investors	0.96	0.81
summer	0.96	0.91
friends	0.96	1.38
crisp	0.96	1.16
anderson	0.96	0.33
phipps	0.96	1.09
exciting	0.97	1.21
couples	0.97	0.88
brothers	0.97	1.11
intelligent	0.97	0.71
satisfied	0.97	1.44
marie	0.97	0.73
warmth	0.97	0.94
seventh	0.97	0.50
musical	0.97	0.60
sara	0.97	0.57
ann	0.98	0.85
unlikely	0.98	1.47
symbol	0.98	0.45
italian	0.98	0.57
hudson	0.98	0.44
stock	0.98	0.80
singer	0.99	0.87
arts	0.99	0.39
value	0.99	0.72
sixth	0.99	0.48
makeup	0.99	0.48
oh	0.99	0.98
clear	1.00	0.50
commitment	1.00	0.89
sir	1.00	0.45
brown	1.00	0.55
mama	1.00	0.71
share	1.00	0.49
actress	1.01	0.47
ruth	1.01	1.26
connection	1.01	0.64
superior	1.01	1.26
legacy	1.01	0.53
annie	1.01	0.58
crystal	1.01	0.54
investment	1.01	0.88
grandfather	1.02	1.12
young	1.02	0.70
steady	1.02	0.64
younger	1.03	0.94
theme	1.03	0.54
father	1.03	1.33
uncle	1.03	1.02
jazz	1.03	0.75
courage	1.04	0.75
fourth	1.04	0.51
min	1.04	0.41
smart	1.04	0.65
grandma	1.04	0.91
dressed	1.04	0.64
ending	1.04	0.77
returns	1.05	0.75
tonight	1.05	0.76
short	1.05	0.63
okay	1.05	1.05
waist	1.05	0.54
popular	1.05	0.43
sons	1.05	1.09
bonds	1.05	0.92
passage	1.05	0.21
trip	1.06	0.63
girl	1.06	0.60
companion	1.06	0.46
inn	1.06	0.58
fifth	1.07	0.47
appropriate	1.07	0.49
sisters	1.07	1.11
fathers	1.07	0.93
longtime	1.08	0.54
tan	1.08	0.60
noble	1.08	0.59
efficient	1.08	0.49
bands	1.08	0.60
glory	1.09	0.89
cool	1.09	1.06
feature	1.09	0.47
twin	1.09	1.04
woman	1.09	0.72
stocks	1.09	0.88
cottage	1.10	0.53
funds	1.10	0.90
oldest	1.10	1.07
modest	1.10	0.58
assets	1.10	0.90
youngest	1.10	1.05
ritual	1.11	0.52
mine	1.11	0.23
eve	1.11	0.93
charm	1.11	0.48
dignity	1.12	0.67
quality	1.12	1.35
status	1.12	0.53
birth	1.12	0.96
investments	1.12	0.90
gently	1.13	0.65
adventure	1.13	0.58
anne	1.13	0.60
margaret	1.14	0.72
traditional	1.14	0.41
elizabeth	1.14	0.87
whom	1.14	1.31
affair	1.14	0.73
nod	1.14	0.56
daughters	1.14	1.06
lucy	1.15	0.70
unfortunately	1.15	1.14
molly	1.15	0.75
doing	1.16	1.48
lucky	1.16	1.47
princess	1.16	0.72
papa	1.16	0.66
fund	1.17	0.91
flat	1.17	0.67
spring	1.17	0.97
cousins	1.17	1.07
overall	1.18	1.43
dating	1.18	0.62
interior	1.18	0.47
grace	1.18	0.75
satisfaction	1.18	0.56
alive	1.19	1.19
settled	1.19	0.72
healthy	1.20	0.37
incredible	1.20	1.24
mother	1.20	1.22
athletic	1.21	0.65
daughter	1.21	1.01
honor	1.21	0.40
grandmother	1.21	1.27
reputation	1.22	1.11
hannah	1.22	0.74
enjoyed	1.22	0.63
emily	1.22	0.65
manner	1.22	0.73
neighbor	1.22	0.85
respect	1.22	1.47
cruise	1.22	0.74
calm	1.22	0.99
wife	1.23	1.30
job	1.24	1.37
hi	1.25	0.62
mom	1.25	1.02
charlotte	1.25	0.39
amazing	1.26	1.07
joy	1.26	1.40
flowers	1.26	1.05
dear	1.27	0.38
proper	1.28	1.09
guests	1.28	0.51
shaped	1.28	0.77
frame	1.29	0.59
performance	1.29	1.38
reasonable	1.30	0.58
precious	1.30	0.52
impressive	1.30	0.81
kate	1.31	0.68
thank	1.31	0.46
beloved	1.32	1.17
pretty	1.32	1.15
attractive	1.32	0.54
friend	1.33	1.19
bond	1.33	1.01
pregnant	1.33	0.83
pink	1.33	0.81
aunt	1.33	0.87
boyfriend	1.34	0.64
girlfriend	1.34	0.84
quiet	1.34	1.64
honey	1.35	0.43
tall	1.35	0.65
desire	1.35	1.40
style	1.35	0.57
right	1.35	1.53
reception	1.36	0.58
important	1.37	1.33
gifts	1.37	0.50
husband	1.37	1.24
sidebar	1.38	0.51
divorced	1.38	0.96
emma	1.38	0.61
thanks	1.38	0.74
proud	1.39	0.94
anna	1.40	0.60
cousin	1.40	0.86
best	1.40	1.44
partner	1.40	0.65
architecture	1.41	0.41
parties	1.41	0.71
sure	1.41	1.47
vacation	1.41	0.70
date	1.41	0.57
miss	1.42	0.53
stability	1.42	0.53
curve	1.42	0.47
rating	1.43	1.27
offers	1.43	1.11
married	1.43	0.98
true	1.44	0.94
weekend	1.44	0.76
lean	1.44	0.64
festival	1.45	0.72
fashion	1.45	0.48
warm	1.46	1.99
sister	1.47	1.06
sweet	1.47	1.39
trim	1.47	0.73
great	1.48	0.98
appreciate	1.48	0.51
neat	1.48	0.52
favorite	1.49	1.03
lily	1.50	0.61
funeral	1.50	0.74
well	1.50	1.48
sharing	1.50	0.29
sexy	1.51	0.54
formal	1.52	0.56
party	1.52	0.84
passion	1.53	1.33
blond	1.55	0.69
confident	1.55	0.50
sacrifice	1.55	1.28
bride	1.56	0.67
exact	1.57	1.24
parade	1.59	0.85
hope	1.59	1.05
fun	1.59	0.78
interesting	1.61	1.03
relationships	1.61	0.63
cute	1.62	0.87
stable	1.62	0.46
grateful	1.63	1.38
extraordinary	1.66	1.15
profile	1.67	0.57
honest	1.67	0.87
ceremony	1.69	0.71
anniversary	1.70	0.86
secret	1.70	1.00
smiling	1.70	1.12
helpful	1.71	1.08
fine	1.72	1.37
holiday	1.72	0.79
strong	1.73	0.92
balance	1.73	1.18
lifetime	1.73	0.39
accent	1.73	1.46
comfort	1.74	1.16
full	1.74	1.18
sing	1.75	1.29
trust	1.76	1.25
brilliant	1.76	0.62
blonde	1.76	0.62
glad	1.78	0.96
features	1.79	0.58
generous	1.79	0.52
embrace	1.80	1.10
slender	1.80	0.69
intimate	1.81	0.55
relaxed	1.85	1.36
relationship	1.89	1.09
enjoy	1.89	0.47
gift	1.89	0.41
surprisingly	1.89	1.23
peace	1.89	1.10
kiss	1.90	1.10
polite	1.91	1.29
gown	1.91	0.60
sunny	1.91	1.78
romance	1.92	1.11
match	1.94	1.17
friendly	1.94	1.22
mutual	1.96	1.24
easy	1.97	0.98
shared	2.00	0.88
ruby	2.01	1.17
gardens	2.02	1.30
lover	2.04	0.84
secure	2.05	0.91
ladies	2.06	0.93
striking	2.06	0.91
marry	2.06	1.05
safe	2.08	0.76
loving	2.08	1.01
darling	2.08	0.86
together	2.09	1.01
nice	2.09	1.05
handsome	2.12	0.88
friendship	2.14	1.08
flower	2.16	1.21
celebration	2.21	0.98
ideal	2.22	0.86
casual	2.22	1.20
comfortable	2.22	1.11
lady	2.24	0.84
enjoying	2.29	0.70
slim	2.31	0.91
happily	2.32	0.67
gentle	2.33	1.18
christmas	2.34	0.91
birthday	2.36	0.89
smooth	2.38	0.97
solid	2.39	1.01
celebrate	2.39	0.78
wedding	2.39	0.83
classic	2.42	0.90
fit	2.44	0.88
beauty	2.45	0.84
elegant	2.46	0.88
welcome	2.49	0.94
happiness	2.51	0.84
marriage	2.51	1.00
charming	2.53	0.83
gorgeous	2.68	0.75
perfectly	2.69	0.83
romantic	2.70	0.76
delicate	2.72	0.93
beautiful	2.73	0.69
wonderful	2.76	0.71
